{"type":"FeatureCollection","features":[{"type":"Feature","geometry":{"type":"Point","coordinates":[23.344722222,42.683333333]},"properties":{"x":"http://www.wikidata.org/entity/Q899761","rhm_link":"https://registersofia.bg/?option=com_monuments&view=monument&formdata[id]=629","xLabel":"Братска могила","rhmId":"629"}},{"type":"Feature","geometry":{"type":"Point","coordinates":[23.32144722,42.69792778]},"properties":{"x":"http://www.wikidata.org/entity/Q14550946","rhm_link":"https://registersofia.bg/?option=com_monuments&view=monument&formdata[id]=663","xLabel":"Статуя на София","rhmId":"663"}},{"type":"Feature","geometry":{"type":"Point","coordinates":[23.302444444,42.792763888]},"properties":{"x":"http://www.wikidata.org/entity/Q106574515","rhm_link":"https://registersofia.bg/?option=com_monuments&view=monument&formdata[id]=674","xLabel":"Войнишки паметник в село Мировяне","rhmId":"674"}},{"type":"Feature","geometry":{"type":"Point","coordinates":[23.338388888,42.687111111]},"properties":{"x":"http://www.wikidata.org/entity/Q114453695","rhm_link":"https://registersofia.bg/?option=com_monuments&view=monument&formdata[id]=621","xLabel":"Паметник на Тодор Александров (Борисова градина)","rhmId":"621"}},{"type":"Feature","geometry":{"type":"Point","coordinates":[23.3545234,42.675109]},"properties":{"x":"http://www.wikidata.org/entity/Q141109336","rhm_link":"https://registersofia.bg/?option=com_monuments&view=monument&formdata[id]=21","xLabel":"Монументална стенопис (сграфито) - интериор, 119 СОУ „Акад. Васил Арнаудов“","rhmId":"21"}},{"type":"Feature","geometry":{"type":"Point","coordinates":[23.3535156,42.6736139]},"properties":{"x":"http://www.wikidata.org/entity/Q141109341","rhm_link":"https://registersofia.bg/?option=com_monuments&view=monument&formdata[id]=26","xLabel":"Пано, ЦДГ №165 „Латинка”","rhmId":"26"}},{"type":"Feature","geometry":{"type":"Point","coordinates":[23.353982,42.6733138]},"properties":{"x":"http://www.wikidata.org/entity/Q141109342","rhm_link":"https://registersofia.bg/?option=com_monuments&view=monument&formdata[id]=27","xLabel":"Скулптурна фигура - Конче, ЦДГ №165 „Латинка”","rhmId":"27"}},{"type":"Feature","geometry":{"type":"Point","coordinates":[23.3841393,42.6499972]},"properties":{"x":"http://www.wikidata.org/entity/Q141109345","rhm_link":"https://registersofia.bg/?option=com_monuments&view=monument&formdata[id]=30","xLabel":"Монументална стенопис (сграфито), ОДЗ №75 „Сърчице“, фасада 2","rhmId":"30"}},{"type":"Feature","geometry":{"type":"Point","coordinates":[23.3676427,42.6511158]},"properties":{"x":"http://www.wikidata.org/entity/Q141109346","rhm_link":"https://registersofia.bg/?option=com_monuments&view=monument&formdata[id]=31","xLabel":"Скулптура, абстрактна, в ж.к. „Младост“ 1, посл. сп. на автобуси № 111, 113","rhmId":"31"}},{"type":"Feature","geometry":{"type":"Point","coordinates":[23.323388,42.69082]},"properties":{"x":"http://www.wikidata.org/entity/Q141109350","rhm_link":"https://registersofia.bg/?option=com_monuments&view=monument&formdata[id]=35","xLabel":"Андрей Стоянов, паметна плоча","rhmId":"35"}},{"type":"Feature","geometry":{"type":"Point","coordinates":[23.2530682,42.725472]},"properties":{"x":"http://www.wikidata.org/entity/Q141109361","rhm_link":"https://registersofia.bg/?option=com_monuments&view=monument&formdata[id]=48","xLabel":"Хосе де Сан Мартин, бюст - интериор, 90 СОУ „Ген. Хосе де Сан Мартин\"\"","rhmId":"48"}},{"type":"Feature","geometry":{"type":"Point","coordinates":[23.3239238,42.6899054]},"properties":{"x":"http://www.wikidata.org/entity/Q141109371","rhm_link":"https://registersofia.bg/?option=com_monuments&view=monument&formdata[id]=61","xLabel":"Георги А. Стаматов и Петя Герганова, паметна плоча","rhmId":"61"}},{"type":"Feature","geometry":{"type":"Point","coordinates":[23.3133229,42.7014707]},"properties":{"x":"http://www.wikidata.org/entity/Q141109374","rhm_link":"https://registersofia.bg/?option=com_monuments&view=monument&formdata[id]=66","xLabel":"Александър Жендов, паметна плоча с релеф","rhmId":"66"}},{"type":"Feature","geometry":{"type":"Point","coordinates":[23.3102826,42.6907548]},"properties":{"x":"http://www.wikidata.org/entity/Q141109375","rhm_link":"https://registersofia.bg/?option=com_monuments&view=monument&formdata[id]=68","xLabel":"Димитър Благоев - Дядо, паметна плоча с релеф","rhmId":"68"}},{"type":"Feature","geometry":{"type":"Point","coordinates":[23.286425,42.702086]},"properties":{"x":"http://www.wikidata.org/entity/Q141109378","rhm_link":"https://registersofia.bg/?option=com_monuments&view=monument&formdata[id]=72","xLabel":"Скулптурна фигура - селянка","rhmId":"72"}},{"type":"Feature","geometry":{"type":"Point","coordinates":[23.3028905,42.6817027]},"properties":{"x":"http://www.wikidata.org/entity/Q141109379","rhm_link":"https://registersofia.bg/?option=com_monuments&view=monument&formdata[id]=73","xLabel":"Скулптурна фигура - жена с дете","rhmId":"73"}},{"type":"Feature","geometry":{"type":"Point","coordinates":[23.3086314,42.6880479]},"properties":{"x":"http://www.wikidata.org/entity/Q141109382","rhm_link":"https://registersofia.bg/?option=com_monuments&view=monument&formdata[id]=76","xLabel":"Христо Бръмбаров, паметна плоча с барелеф","rhmId":"76"}},{"type":"Feature","geometry":{"type":"Point","coordinates":[23.3130798,42.6880527]},"properties":{"x":"http://www.wikidata.org/entity/Q141109384","rhm_link":"https://registersofia.bg/?option=com_monuments&view=monument&formdata[id]=77","xLabel":"Чешма със скулптурна група - момченце със сърничка","rhmId":"77"}},{"type":"Feature","geometry":{"type":"Point","coordinates":[23.297906,42.70357]},"properties":{"x":"http://www.wikidata.org/entity/Q141109386","rhm_link":"https://registersofia.bg/?option=com_monuments&view=monument&formdata[id]=79","xLabel":"Васил Демиревски (Желю). Военен паметник, парк „Св. Троица”","rhmId":"79"}},{"type":"Feature","geometry":{"type":"Point","coordinates":[23.19625,42.62925]},"properties":{"x":"http://www.wikidata.org/entity/Q141109387","rhm_link":"https://registersofia.bg/?option=com_monuments&view=monument&formdata[id]=81","xLabel":"На загиналите за България от с. Владая. Военен паметник","rhmId":"81"}},{"type":"Feature","geometry":{"type":"Point","coordinates":[23.3323385,42.7902932]},"properties":{"x":"http://www.wikidata.org/entity/Q141109390","rhm_link":"https://registersofia.bg/?option=com_monuments&view=monument&formdata[id]=86","xLabel":"На загиналите във войните за Национално обединение от с. Славовци, паметна плоча. Военен паметник","rhmId":"86"}},{"type":"Feature","geometry":{"type":"Point","coordinates":[23.3382996,42.6902393]},"properties":{"x":"http://www.wikidata.org/entity/Q141109391","rhm_link":"https://registersofia.bg/?option=com_monuments&view=monument&formdata[id]=88","xLabel":"Димитър Гичев, паметна плоча","rhmId":"88"}},{"type":"Feature","geometry":{"type":"Point","coordinates":[23.32378,42.692718]},"properties":{"x":"http://www.wikidata.org/entity/Q141109392","rhm_link":"https://registersofia.bg/?option=com_monuments&view=monument&formdata[id]=89","xLabel":"Димитър Хаджикоцев, паметна плоча","rhmId":"89"}},{"type":"Feature","geometry":{"type":"Point","coordinates":[23.335457,42.681976]},"properties":{"x":"http://www.wikidata.org/entity/Q141109426","rhm_link":"https://registersofia.bg/?option=com_monuments&view=monument&formdata[id]=218","xLabel":"Кръстю Сарафов, паметна плоча с барелеф","rhmId":"218"}},{"type":"Feature","geometry":{"type":"Point","coordinates":[23.316269,42.700277]},"properties":{"x":"http://www.wikidata.org/entity/Q141109445","rhm_link":"https://registersofia.bg/?option=com_monuments&view=monument&formdata[id]=242","xLabel":"Христо Ботев, паметна плоча с орелеф","rhmId":"242"}},{"type":"Feature","geometry":{"type":"Point","coordinates":[23.325426,42.689867]},"properties":{"x":"http://www.wikidata.org/entity/Q141109454","rhm_link":"https://registersofia.bg/?option=com_monuments&view=monument&formdata[id]=254","xLabel":"Екатерина Каравелова, паметна плоча","rhmId":"254"}},{"type":"Feature","geometry":{"type":"Point","coordinates":[23.322643,42.689909]},"properties":{"x":"http://www.wikidata.org/entity/Q141109455","rhm_link":"https://registersofia.bg/?option=com_monuments&view=monument&formdata[id]=255","xLabel":"Елисавета Багряна, паметна плоча","rhmId":"255"}},{"type":"Feature","geometry":{"type":"Point","coordinates":[23.327024,42.692705]},"properties":{"x":"http://www.wikidata.org/entity/Q141109472","rhm_link":"https://registersofia.bg/?option=com_monuments&view=monument&formdata[id]=285","xLabel":"Георги Вазов, паметна плоча","rhmId":"285"}},{"type":"Feature","geometry":{"type":"Point","coordinates":[23.32421,42.690445]},"properties":{"x":"http://www.wikidata.org/entity/Q141109477","rhm_link":"https://registersofia.bg/?option=com_monuments&view=monument&formdata[id]=303","xLabel":"Мирослав Янакиев, проф., паметна плоча","rhmId":"303"}},{"type":"Feature","geometry":{"type":"Point","coordinates":[23.32788,42.686365]},"properties":{"x":"http://www.wikidata.org/entity/Q141109478","rhm_link":"https://registersofia.bg/?option=com_monuments&view=monument&formdata[id]=305","xLabel":"Невена Буюклиева, паметна плоча","rhmId":"305"}},{"type":"Feature","geometry":{"type":"Point","coordinates":[23.336888,42.692933]},"properties":{"x":"http://www.wikidata.org/entity/Q141109489","rhm_link":"https://registersofia.bg/?option=com_monuments&view=monument&formdata[id]=316","xLabel":"Порфирий Иванович Бахметьев, проф., паметна плоча","rhmId":"316"}},{"type":"Feature","geometry":{"type":"Point","coordinates":[23.341226,42.690607]},"properties":{"x":"http://www.wikidata.org/entity/Q141109492","rhm_link":"https://registersofia.bg/?option=com_monuments&view=monument&formdata[id]=319","xLabel":"Светослав Лучников, паметна плоча","rhmId":"319"}},{"type":"Feature","geometry":{"type":"Point","coordinates":[23.343464,42.689445]},"properties":{"x":"http://www.wikidata.org/entity/Q141109505","rhm_link":"https://registersofia.bg/?option=com_monuments&view=monument&formdata[id]=337","xLabel":"Тодор Самодумов, паметна плоча","rhmId":"337"}},{"type":"Feature","geometry":{"type":"Point","coordinates":[23.32644,42.692541]},"properties":{"x":"http://www.wikidata.org/entity/Q141109507","rhm_link":"https://registersofia.bg/?option=com_monuments&view=monument&formdata[id]=341","xLabel":"Симеон Ванков, „Основаване на техническото дружество”, паметна плоча с барелеф, БИАД","rhmId":"341"}},{"type":"Feature","geometry":{"type":"Point","coordinates":[23.28865,42.706385]},"properties":{"x":"http://www.wikidata.org/entity/Q141109515","rhm_link":"https://registersofia.bg/?option=com_monuments&view=monument&formdata[id]=351","xLabel":"Пано, Национална кардиологична болница","rhmId":"351"}},{"type":"Feature","geometry":{"type":"Point","coordinates":[23.334358,42.697579]},"properties":{"x":"http://www.wikidata.org/entity/Q141109521","rhm_link":"https://registersofia.bg/?option=com_monuments&view=monument&formdata[id]=433","xLabel":"„Първи висш педагогически курс”, паметна плоча","rhmId":"433"}},{"type":"Feature","geometry":{"type":"Point","coordinates":[23.331046,42.697402]},"properties":{"x":"http://www.wikidata.org/entity/Q141109523","rhm_link":"https://registersofia.bg/?option=com_monuments&view=monument&formdata[id]=435","xLabel":"Беньо Ст. Цонев, проф., паметна плоча","rhmId":"435"}},{"type":"Feature","geometry":{"type":"Point","coordinates":[23.344287,42.695455]},"properties":{"x":"http://www.wikidata.org/entity/Q141109525","rhm_link":"https://registersofia.bg/?option=com_monuments&view=monument&formdata[id]=438","xLabel":"Васил Златарски, акад., проф., д-р, паметна плоча","rhmId":"438"}},{"type":"Feature","geometry":{"type":"Point","coordinates":[23.332375,42.69708]},"properties":{"x":"http://www.wikidata.org/entity/Q141109538","rhm_link":"https://registersofia.bg/?option=com_monuments&view=monument&formdata[id]=451","xLabel":"Мими Балканска, паметна плоча","rhmId":"451"}},{"type":"Feature","geometry":{"type":"Point","coordinates":[23.34724,42.695906]},"properties":{"x":"http://www.wikidata.org/entity/Q141109552","rhm_link":"https://registersofia.bg/?option=com_monuments&view=monument&formdata[id]=468","xLabel":"Иван-Асен Петков, проф., паметна плоча","rhmId":"468"}},{"type":"Feature","geometry":{"type":"Point","coordinates":[23.349578,42.693847]},"properties":{"x":"http://www.wikidata.org/entity/Q141109561","rhm_link":"https://registersofia.bg/?option=com_monuments&view=monument&formdata[id]=484","xLabel":"Никола Илиев Джаров, паметна плоча. Военен паметник","rhmId":"484"}},{"type":"Feature","geometry":{"type":"Point","coordinates":[23.296566,42.681371]},"properties":{"x":"http://www.wikidata.org/entity/Q141109570","rhm_link":"https://registersofia.bg/?option=com_monuments&view=monument&formdata[id]=498","xLabel":"Монументална стенопис (сграфито), блок 23","rhmId":"498"}},{"type":"Feature","geometry":{"type":"Point","coordinates":[23.3799864,42.6712863]},"properties":{"x":"http://www.wikidata.org/entity/Q141109574","rhm_link":"https://registersofia.bg/?option=com_monuments&view=monument&formdata[id]=505","xLabel":"Монументална стенопис (сграфито), Бокс клуб ЦСКА","rhmId":"505"}},{"type":"Feature","geometry":{"type":"Point","coordinates":[23.3332565,42.6937484]},"properties":{"x":"http://www.wikidata.org/entity/Q141109604","rhm_link":"https://registersofia.bg/?option=com_monuments&view=monument&formdata[id]=540","xLabel":"На българския летец. Военен паметник, скулптурен","rhmId":"540"}},{"type":"Feature","geometry":{"type":"Point","coordinates":[23.360548,42.6523632]},"properties":{"x":"http://www.wikidata.org/entity/Q141109606","rhm_link":"https://registersofia.bg/?option=com_monuments&view=monument&formdata[id]=542","xLabel":"На загиналите във войните за национално обединение и във Втората световна война, заключителна фаза от кв. „Дървеница”, паметна плоча. Военен паметник","rhmId":"542"}},{"type":"Feature","geometry":{"type":"Point","coordinates":[23.338661,42.687636]},"properties":{"x":"http://www.wikidata.org/entity/Q141109617","rhm_link":"https://registersofia.bg/?option=com_monuments&view=monument&formdata[id]=589","xLabel":"Димитър Талев, бюст-паметник, Борисова градина","rhmId":"589"}},{"type":"Feature","geometry":{"type":"Point","coordinates":[23.139682,42.711326]},"properties":{"x":"http://www.wikidata.org/entity/Q141109625","rhm_link":"https://registersofia.bg/?option=com_monuments&view=monument&formdata[id]=605","xLabel":"Пано, 78 СОУ „Христо Смирненски”","rhmId":"605"}},{"type":"Feature","geometry":{"type":"Point","coordinates":[23.3080179,42.6729745]},"properties":{"x":"http://www.wikidata.org/entity/Q141109646","rhm_link":"https://registersofia.bg/?option=com_monuments&view=monument&formdata[id]=639","xLabel":"Махатма Ганди, паметник, скулптурен, Южен парк","rhmId":"639"}},{"type":"Feature","geometry":{"type":"Point","coordinates":[23.242739,42.773051]},"properties":{"x":"http://www.wikidata.org/entity/Q141109648","rhm_link":"https://registersofia.bg/?option=com_monuments&view=monument&formdata[id]=658","xLabel":"На загиналите във войните за национално обединение и във Втората световна война от с. Волуяк. Военен паметник","rhmId":"658"}},{"type":"Feature","geometry":{"type":"Point","coordinates":[23.559908,42.727922]},"properties":{"x":"http://www.wikidata.org/entity/Q141109652","rhm_link":"https://registersofia.bg/?option=com_monuments&view=monument&formdata[id]=665","xLabel":"На загиналите във войните за национално обединение (1915-1918) от с. Яна. Военен паметник","rhmId":"665"}},{"type":"Feature","geometry":{"type":"Point","coordinates":[23.562198,42.761514]},"properties":{"x":"http://www.wikidata.org/entity/Q141109654","rhm_link":"https://registersofia.bg/?option=com_monuments&view=monument&formdata[id]=667","xLabel":"На загиналите във Втората световна война, заключителна фаза (и в съпротивителното движение) от гр. Бухово. Военен паметник","rhmId":"667"}},{"type":"Feature","geometry":{"type":"Point","coordinates":[23.3792146,42.7042235]},"properties":{"x":"http://www.wikidata.org/entity/Q141109664","rhm_link":"https://registersofia.bg/?option=com_monuments&view=monument&formdata[id]=688","xLabel":"Стефан Караджа, бюст-паметник, 130 СОУ „Стефан Караджа”","rhmId":"688"}},{"type":"Feature","geometry":{"type":"Point","coordinates":[23.320403,42.702907]},"properties":{"x":"http://www.wikidata.org/entity/Q141109684","rhm_link":"https://registersofia.bg/?option=com_monuments&view=monument&formdata[id]=711","xLabel":"Георги Кирков, бюст-паметник","rhmId":"711"}},{"type":"Feature","geometry":{"type":"Point","coordinates":[23.32737,42.701064]},"properties":{"x":"http://www.wikidata.org/entity/Q141109693","rhm_link":"https://registersofia.bg/?option=com_monuments&view=monument&formdata[id]=722","xLabel":"Фасадна скулптура и релеф - титан","rhmId":"722"}},{"type":"Feature","geometry":{"type":"Point","coordinates":[23.330739,42.694254]},"properties":{"x":"http://www.wikidata.org/entity/Q141109711","rhm_link":"https://registersofia.bg/?option=com_monuments&view=monument&formdata[id]=795","xLabel":"„Не слагай тигана преди да си уловил рибата”, монументална стенопис","rhmId":"795"}},{"type":"Feature","geometry":{"type":"Point","coordinates":[23.3217937,42.6907447]},"properties":{"x":"http://www.wikidata.org/entity/Q141109721","rhm_link":"https://registersofia.bg/?option=com_monuments&view=monument&formdata[id]=806","xLabel":"Иван Денкоглу, бюст-паметник, 127 СУ „Иван Николаевич Денкоглу”","rhmId":"806"}},{"type":"Feature","geometry":{"type":"Point","coordinates":[23.307945,42.685533]},"properties":{"x":"http://www.wikidata.org/entity/Q141109731","rhm_link":"https://registersofia.bg/?option=com_monuments&view=monument&formdata[id]=821","xLabel":"Стоян Киркович, проф., д-р, бюст-паметник","rhmId":"821"}},{"type":"Feature","geometry":{"type":"Point","coordinates":[23.310307,42.67729]},"properties":{"x":"http://www.wikidata.org/entity/Q141109738","rhm_link":"https://registersofia.bg/?option=com_monuments&view=monument&formdata[id]=846","xLabel":"Петър Берон, барелеф, НЧ „Др. Петър Берон”.","rhmId":"846"}},{"type":"Feature","geometry":{"type":"Point","coordinates":[23.3478359,42.7184154]},"properties":{"x":"http://www.wikidata.org/entity/Q141109754","rhm_link":"https://registersofia.bg/?option=com_monuments&view=monument&formdata[id]=871","xLabel":"Монументална стенопис, ПГИИ „Проф. Николай Райнов”","rhmId":"871"}},{"type":"Feature","geometry":{"type":"Point","coordinates":[23.326506,42.684069]},"properties":{"x":"http://www.wikidata.org/entity/Q141109994","rhm_link":"https://registersofia.bg/?option=com_monuments&view=monument&formdata[id]=204","xLabel":"Никола Фурнаджиев, паметна плоча","rhmId":"204"}},{"type":"Feature","geometry":{"type":"Point","coordinates":[23.3231989,42.6815859]},"properties":{"x":"http://www.wikidata.org/entity/Q141109997","rhm_link":"https://registersofia.bg/?option=com_monuments&view=monument&formdata[id]=207","xLabel":"Пенка Милева Касабова, паметна плоча","rhmId":"207"}},{"type":"Feature","geometry":{"type":"Point","coordinates":[23.330361,42.685275]},"properties":{"x":"http://www.wikidata.org/entity/Q141110003","rhm_link":"https://registersofia.bg/?option=com_monuments&view=monument&formdata[id]=215","xLabel":"Емил Коралов, паметна плоча с барелеф","rhmId":"215"}},{"type":"Feature","geometry":{"type":"Point","coordinates":[23.331134,42.685583]},"properties":{"x":"http://www.wikidata.org/entity/Q141110005","rhm_link":"https://registersofia.bg/?option=com_monuments&view=monument&formdata[id]=220","xLabel":"Христо Смирненски, паметна плоча с барелеф","rhmId":"220"}},{"type":"Feature","geometry":{"type":"Point","coordinates":[23.346132,42.689622]},"properties":{"x":"http://www.wikidata.org/entity/Q141110010","rhm_link":"https://registersofia.bg/?option=com_monuments&view=monument&formdata[id]=260","xLabel":"Иван Батаклиев, проф, паметна плоча","rhmId":"260"}},{"type":"Feature","geometry":{"type":"Point","coordinates":[23.32931,42.688637]},"properties":{"x":"http://www.wikidata.org/entity/Q141110014","rhm_link":"https://registersofia.bg/?option=com_monuments&view=monument&formdata[id]=267","xLabel":"Калин Найденов, ген., паметна плоча. Военен паметник","rhmId":"267"}},{"type":"Feature","geometry":{"type":"Point","coordinates":[23.32777,42.693674]},"properties":{"x":"http://www.wikidata.org/entity/Q141110024","rhm_link":"https://registersofia.bg/?option=com_monuments&view=monument&formdata[id]=292","xLabel":"Георги Захариев Панчев, проф., д-р., паметна плоча","rhmId":"292"}},{"type":"Feature","geometry":{"type":"Point","coordinates":[23.3274718,42.6898765]},"properties":{"x":"http://www.wikidata.org/entity/Q141110028","rhm_link":"https://registersofia.bg/?option=com_monuments&view=monument&formdata[id]=297","xLabel":"Константин Георгиев, свободностоящ паметен знак, лобно място","rhmId":"297"}},{"type":"Feature","geometry":{"type":"Point","coordinates":[23.337023,42.693692]},"properties":{"x":"http://www.wikidata.org/entity/Q141110029","rhm_link":"https://registersofia.bg/?option=com_monuments&view=monument&formdata[id]=298","xLabel":"Любен Божков, проф., паметна плоча","rhmId":"298"}},{"type":"Feature","geometry":{"type":"Point","coordinates":[23.326196,42.69376]},"properties":{"x":"http://www.wikidata.org/entity/Q141110035","rhm_link":"https://registersofia.bg/?option=com_monuments&view=monument&formdata[id]=323","xLabel":"Стефан Ватев, проф., д-р., паметна плоча","rhmId":"323"}},{"type":"Feature","geometry":{"type":"Point","coordinates":[23.315959,42.695724]},"properties":{"x":"http://www.wikidata.org/entity/Q141110059","rhm_link":"https://registersofia.bg/?option=com_monuments&view=monument&formdata[id]=373","xLabel":"„Свободен общ работнически синдикален съюз“, паметна плоча","rhmId":"373"}},{"type":"Feature","geometry":{"type":"Point","coordinates":[23.318699,42.692212]},"properties":{"x":"http://www.wikidata.org/entity/Q141110061","rhm_link":"https://registersofia.bg/?option=com_monuments&view=monument&formdata[id]=375","xLabel":"Борис Василев – Боркиша, „Левски“, паметна плоча","rhmId":"375"}},{"type":"Feature","geometry":{"type":"Point","coordinates":[23.313861,42.683289]},"properties":{"x":"http://www.wikidata.org/entity/Q141110063","rhm_link":"https://registersofia.bg/?option=com_monuments&view=monument&formdata[id]=377","xLabel":"Георги Спасов, паметна плоча","rhmId":"377"}},{"type":"Feature","geometry":{"type":"Point","coordinates":[23.410511,42.609608]},"properties":{"x":"http://www.wikidata.org/entity/Q141110069","rhm_link":"https://registersofia.bg/?option=com_monuments&view=monument&formdata[id]=556","xLabel":"На загиналите във войните за национално обединение и във Втората световна война, заключителна фаза от с. Герман. Военен паметник","rhmId":"556"}},{"type":"Feature","geometry":{"type":"Point","coordinates":[23.34823,42.672048]},"properties":{"x":"http://www.wikidata.org/entity/Q141110073","rhm_link":"https://registersofia.bg/?option=com_monuments&view=monument&formdata[id]=744","xLabel":"Дечко Узунов, проф., паметник","rhmId":"744"}},{"type":"Feature","geometry":{"type":"Point","coordinates":[23.214169,42.649419]},"properties":{"x":"http://www.wikidata.org/entity/Q141110082","rhm_link":"https://registersofia.bg/?option=com_monuments&view=monument&formdata[id]=754","xLabel":"„Войнишко въстание”/„Владайски събития\"\", архитектурно-скулптурен ансамбъл","rhmId":"754"}},{"type":"Feature","geometry":{"type":"Point","coordinates":[23.362588,42.673821]},"properties":{"x":"http://www.wikidata.org/entity/Q141110084","rhm_link":"https://registersofia.bg/?option=com_monuments&view=monument&formdata[id]=763","xLabel":"Александър Балан, паметник, скулптурен, ФФ, СУ „Св. Климент Охридски”","rhmId":"763"}},{"type":"Feature","geometry":{"type":"Point","coordinates":[23.333701,42.660019]},"properties":{"x":"http://www.wikidata.org/entity/Q141110088","rhm_link":"https://registersofia.bg/?option=com_monuments&view=monument&formdata[id]=767","xLabel":"Зооморфна пластика, Зоологическа градина","rhmId":"767"}},{"type":"Feature","geometry":{"type":"Point","coordinates":[23.3252653,42.6949443]},"properties":{"x":"http://www.wikidata.org/entity/Q141110101","rhm_link":"https://registersofia.bg/?option=com_monuments&view=monument&formdata[id]=780","xLabel":"Скулптурна фигура - балерина, Народен театър „Иван Вазов”","rhmId":"780"}},{"type":"Feature","geometry":{"type":"Point","coordinates":[23.3307626,42.6989715]},"properties":{"x":"http://www.wikidata.org/entity/Q141110121","rhm_link":"https://registersofia.bg/?option=com_monuments&view=monument&formdata[id]=842","xLabel":"Райко Даскалов, паметна плоча","rhmId":"842"}},{"type":"Feature","geometry":{"type":"Point","coordinates":[23.318869,42.694211]},"properties":{"x":"http://www.wikidata.org/entity/Q141110122","rhm_link":"https://registersofia.bg/?option=com_monuments&view=monument&formdata[id]=843","xLabel":"Иван Денкоглу, паметна плоча с барелеф","rhmId":"843"}},{"type":"Feature","geometry":{"type":"Point","coordinates":[23.3477843,42.7183372]},"properties":{"x":"http://www.wikidata.org/entity/Q141110131","rhm_link":"https://registersofia.bg/?option=com_monuments&view=monument&formdata[id]=870","xLabel":"Монументална стенопис (сграфито), ПГИИ „Проф. Николай Райнов”","rhmId":"870"}},{"type":"Feature","geometry":{"type":"Point","coordinates":[23.319673,42.691955]},"properties":{"x":"http://www.wikidata.org/entity/Q141110295","rhm_link":"https://registersofia.bg/?option=com_monuments&view=monument&formdata[id]=384","xLabel":"Иван Колев, ген.-лейтенант, паметна плоча. Военен паметник","rhmId":"384"}},{"type":"Feature","geometry":{"type":"Point","coordinates":[23.315044,42.693135]},"properties":{"x":"http://www.wikidata.org/entity/Q141110297","rhm_link":"https://registersofia.bg/?option=com_monuments&view=monument&formdata[id]=386","xLabel":"Йосиф Петров, паметна плоча","rhmId":"386"}},{"type":"Feature","geometry":{"type":"Point","coordinates":[23.318639,42.694145]},"properties":{"x":"http://www.wikidata.org/entity/Q141110305","rhm_link":"https://registersofia.bg/?option=com_monuments&view=monument&formdata[id]=392","xLabel":"Руслан Райчев, паметна плоча","rhmId":"392"}},{"type":"Feature","geometry":{"type":"Point","coordinates":[23.313527,42.694478]},"properties":{"x":"http://www.wikidata.org/entity/Q141110313","rhm_link":"https://registersofia.bg/?option=com_monuments&view=monument&formdata[id]=399","xLabel":"Драгомир Асенов, паметна плоча","rhmId":"399"}},{"type":"Feature","geometry":{"type":"Point","coordinates":[23.3466465,42.7166038]},"properties":{"x":"http://www.wikidata.org/entity/Q141110331","rhm_link":"https://registersofia.bg/?option=com_monuments&view=monument&formdata[id]=416","xLabel":"Васил Левски, бюст - интериор, 59 ОУ „Васил Левски“","rhmId":"416"}},{"type":"Feature","geometry":{"type":"Point","coordinates":[23.297295,42.69314]},"properties":{"x":"http://www.wikidata.org/entity/Q141110333","rhm_link":"https://registersofia.bg/?option=com_monuments&view=monument&formdata[id]=418","xLabel":"Монументална стенопис – интериор, 116 ЦДГ „Щастливо детство“","rhmId":"418"}},{"type":"Feature","geometry":{"type":"Point","coordinates":[23.344374,42.695893]},"properties":{"x":"http://www.wikidata.org/entity/Q141110339","rhm_link":"https://registersofia.bg/?option=com_monuments&view=monument&formdata[id]=439","xLabel":"Георги Бончев, акад., проф., д-р, паметна плоча","rhmId":"439"}},{"type":"Feature","geometry":{"type":"Point","coordinates":[23.395672,42.667317]},"properties":{"x":"http://www.wikidata.org/entity/Q141110352","rhm_link":"https://registersofia.bg/?option=com_monuments&view=monument&formdata[id]=501","xLabel":"Монументална стенопис (сграфито), 36 ОДЗ – „Пеперуда''","rhmId":"501"}},{"type":"Feature","geometry":{"type":"Point","coordinates":[23.3194341,42.685553]},"properties":{"x":"http://www.wikidata.org/entity/Q141110378","rhm_link":"https://registersofia.bg/?option=com_monuments&view=monument&formdata[id]=574","xLabel":"„Братята Кирил и Методий“, паметник, скулптурен, НДК","rhmId":"574"}},{"type":"Feature","geometry":{"type":"Point","coordinates":[23.3140409,42.6976416]},"properties":{"x":"http://www.wikidata.org/entity/Q141110381","rhm_link":"https://registersofia.bg/?option=com_monuments&view=monument&formdata[id]=582","xLabel":"Тарас Шевченко, паметник, скулптурен","rhmId":"582"}},{"type":"Feature","geometry":{"type":"Point","coordinates":[23.412743,42.595517]},"properties":{"x":"http://www.wikidata.org/entity/Q141110389","rhm_link":"https://registersofia.bg/?option=com_monuments&view=monument&formdata[id]=647","xLabel":"На загиналите във войните за национално обединение и във Втората световна война, заключителна фаза от с. Панчарево. Военен паметник","rhmId":"647"}},{"type":"Feature","geometry":{"type":"Point","coordinates":[23.511082,42.739134]},"properties":{"x":"http://www.wikidata.org/entity/Q141110392","rhm_link":"https://registersofia.bg/?option=com_monuments&view=monument&formdata[id]=650","xLabel":"На загиналите във войните за национално обединение от с. Ботунец. Военен паметник","rhmId":"650"}},{"type":"Feature","geometry":{"type":"Point","coordinates":[23.49161,42.700518]},"properties":{"x":"http://www.wikidata.org/entity/Q141110395","rhm_link":"https://registersofia.bg/?option=com_monuments&view=monument&formdata[id]=654","xLabel":"На загиналите във Втората световна война, заключителна фаза (и в съпротивителното движение) от с. Долни Богров. Военен паметник","rhmId":"654"}},{"type":"Feature","geometry":{"type":"Point","coordinates":[23.448066,42.79538]},"properties":{"x":"http://www.wikidata.org/entity/Q141110493","rhm_link":"https://registersofia.bg/?option=com_monuments&view=monument&formdata[id]=679","xLabel":"На загиналите във войните за национално обединение от с. Локорско. Военен паметник","rhmId":"679"}},{"type":"Feature","geometry":{"type":"Point","coordinates":[23.380246,42.67122]},"properties":{"x":"http://www.wikidata.org/entity/Q141114865","rhm_link":"https://registersofia.bg/?option=com_monuments&view=monument&formdata[id]=506","xLabel":"Монументална стенопис (сграфито), Бокс клуб ЦСКА","rhmId":"506"}},{"type":"Feature","geometry":{"type":"Point","coordinates":[23.330572,42.686667]},"properties":{"x":"http://www.wikidata.org/entity/Q141114867","rhm_link":"https://registersofia.bg/?option=com_monuments&view=monument&formdata[id]=721","xLabel":"Монументална стенопис","rhmId":"721"}},{"type":"Feature","geometry":{"type":"Point","coordinates":[23.318636,42.69589]},"properties":{"x":"http://www.wikidata.org/entity/Q141114868","rhm_link":"https://registersofia.bg/?option=com_monuments&view=monument&formdata[id]=726","xLabel":"Фасадна скулптура – титани","rhmId":"726"}},{"type":"Feature","geometry":{"type":"Point","coordinates":[23.303989,42.676354]},"properties":{"x":"http://www.wikidata.org/entity/Q141114869","rhm_link":"https://registersofia.bg/?option=com_monuments&view=monument&formdata[id]=861","xLabel":"Скулптура, абстрактна","rhmId":"861"}},{"type":"Feature","geometry":{"type":"Point","coordinates":[23.32951,42.69457]},"properties":{"x":"http://www.wikidata.org/entity/Q25386659","rhm_link":"https://registersofia.bg/?option=com_monuments&view=monument&formdata[id]=121","xLabel":"Паметник на Стефан Стамболов","rhmId":"121"}},{"type":"Feature","geometry":{"type":"Point","coordinates":[23.309527777,42.692055555]},"properties":{"x":"http://www.wikidata.org/entity/Q130295313","rhm_link":"https://registersofia.bg/?option=com_monuments&view=monument&formdata[id]=407","xLabel":"паметна плоча на генерал Едуард Иванович Тотлебен","rhmId":"407"}},{"type":"Feature","geometry":{"type":"Point","coordinates":[23.3597057,42.6704942]},"properties":{"x":"http://www.wikidata.org/entity/Q141109304","rhm_link":"https://registersofia.bg/?option=com_monuments&view=monument&formdata[id]=10","xLabel":"Монументална стенопис - интериор, ОДЗ № 29 „Слънце”","rhmId":"10"}},{"type":"Feature","geometry":{"type":"Point","coordinates":[23.3221044,42.6924261]},"properties":{"x":"http://www.wikidata.org/entity/Q141109308","rhm_link":"https://registersofia.bg/?option=com_monuments&view=monument&formdata[id]=13","xLabel":"Атанас Далчев, паметна плоча","rhmId":"13"}},{"type":"Feature","geometry":{"type":"Point","coordinates":[23.323461,42.693113]},"properties":{"x":"http://www.wikidata.org/entity/Q141109309","rhm_link":"https://registersofia.bg/?option=com_monuments&view=monument&formdata[id]=15","xLabel":"Васил Арнаудов, паметна плоча","rhmId":"15"}},{"type":"Feature","geometry":{"type":"Point","coordinates":[23.3618565,42.6704536]},"properties":{"x":"http://www.wikidata.org/entity/Q141109332","rhm_link":"https://registersofia.bg/?option=com_monuments&view=monument&formdata[id]=16","xLabel":"Монументална стенопис (сграфито), СПГЕ „Джон Атанасов”","rhmId":"16"}},{"type":"Feature","geometry":{"type":"Point","coordinates":[23.331235,42.687752]},"properties":{"x":"http://www.wikidata.org/entity/Q141109333","rhm_link":"https://registersofia.bg/?option=com_monuments&view=monument&formdata[id]=17","xLabel":"Васил Кирков, паметна плоча","rhmId":"17"}},{"type":"Feature","geometry":{"type":"Point","coordinates":[23.2664108,42.7423934]},"properties":{"x":"http://www.wikidata.org/entity/Q141109334","rhm_link":"https://registersofia.bg/?option=com_monuments&view=monument&formdata[id]=18","xLabel":"На загиналите във Втората световна война, заключителна фаза от „Обеля“. Военен паметник","rhmId":"18"}},{"type":"Feature","geometry":{"type":"Point","coordinates":[23.3518453,42.6655381]},"properties":{"x":"http://www.wikidata.org/entity/Q141109337","rhm_link":"https://registersofia.bg/?option=com_monuments&view=monument&formdata[id]=22","xLabel":"Монументална стенопис (сграфито), ОДЗ №49 „Радост“, фасада 1","rhmId":"22"}},{"type":"Feature","geometry":{"type":"Point","coordinates":[23.3522637,42.6652896]},"properties":{"x":"http://www.wikidata.org/entity/Q141109338","rhm_link":"https://registersofia.bg/?option=com_monuments&view=monument&formdata[id]=23","xLabel":"Монументална стенопис (сграфито), ОДЗ №49 „Радост“, фасада 2","rhmId":"23"}},{"type":"Feature","geometry":{"type":"Point","coordinates":[23.3547288,42.6749256]},"properties":{"x":"http://www.wikidata.org/entity/Q141109340","rhm_link":"https://registersofia.bg/?option=com_monuments&view=monument&formdata[id]=25","xLabel":"Монументална стенопис (сграфито), 119 СОУ „Акад. Васил Арнаудов“","rhmId":"25"}},{"type":"Feature","geometry":{"type":"Point","coordinates":[23.3708595,42.6661996]},"properties":{"x":"http://www.wikidata.org/entity/Q141109343","rhm_link":"https://registersofia.bg/?option=com_monuments&view=monument&formdata[id]=28","xLabel":"Скулптура, абстрактна „Развитие“, бл. 30, Ж.к. „Младост“ 1","rhmId":"28"}},{"type":"Feature","geometry":{"type":"Point","coordinates":[23.3836431,42.650155]},"properties":{"x":"http://www.wikidata.org/entity/Q141109344","rhm_link":"https://registersofia.bg/?option=com_monuments&view=monument&formdata[id]=29","xLabel":"Монументална стенопис (сграфито), ОДЗ №75 „Сърчице“, фасада 1","rhmId":"29"}},{"type":"Feature","geometry":{"type":"Point","coordinates":[23.3359616,42.693212]},"properties":{"x":"http://www.wikidata.org/entity/Q141109348","rhm_link":"https://registersofia.bg/?option=com_monuments&view=monument&formdata[id]=33","xLabel":"Александър Балан, паметна плоча","rhmId":"33"}},{"type":"Feature","geometry":{"type":"Point","coordinates":[23.3242143,42.6883704]},"properties":{"x":"http://www.wikidata.org/entity/Q141109349","rhm_link":"https://registersofia.bg/?option=com_monuments&view=monument&formdata[id]=34","xLabel":"Александър Жендов, паметна плоча","rhmId":"34"}},{"type":"Feature","geometry":{"type":"Point","coordinates":[23.3279374,42.6900698]},"properties":{"x":"http://www.wikidata.org/entity/Q141109352","rhm_link":"https://registersofia.bg/?option=com_monuments&view=monument&formdata[id]=37","xLabel":"На българските учители, свободностоящ паметен знак","rhmId":"37"}},{"type":"Feature","geometry":{"type":"Point","coordinates":[23.3057112,42.7225065]},"properties":{"x":"http://www.wikidata.org/entity/Q141109355","rhm_link":"https://registersofia.bg/?option=com_monuments&view=monument&formdata[id]=40","xLabel":"На загиналите във Втората световна война, заключителна фаза (и в съпротивителното движение) от кв. Надежда. Военен паметник","rhmId":"40"}},{"type":"Feature","geometry":{"type":"Point","coordinates":[23.3230593,42.6936562]},"properties":{"x":"http://www.wikidata.org/entity/Q141109356","rhm_link":"https://registersofia.bg/?option=com_monuments&view=monument&formdata[id]=41","xLabel":"Григор Василев, паметна плоча","rhmId":"41"}},{"type":"Feature","geometry":{"type":"Point","coordinates":[23.3288376,42.691237]},"properties":{"x":"http://www.wikidata.org/entity/Q141109402","rhm_link":"https://registersofia.bg/?option=com_monuments&view=monument&formdata[id]=102","xLabel":"Иван Милев, паметна плоча","rhmId":"102"}},{"type":"Feature","geometry":{"type":"Point","coordinates":[23.3216036,42.7018724]},"properties":{"x":"http://www.wikidata.org/entity/Q141109404","rhm_link":"https://registersofia.bg/?option=com_monuments&view=monument&formdata[id]=104","xLabel":"Владимир Димитров - Майстора, паметна плоча","rhmId":"104"}},{"type":"Feature","geometry":{"type":"Point","coordinates":[23.3467347,42.6843692]},"properties":{"x":"http://www.wikidata.org/entity/Q141109405","rhm_link":"https://registersofia.bg/?option=com_monuments&view=monument&formdata[id]=105","xLabel":"Скулптурна група „Мир за децата“","rhmId":"105"}},{"type":"Feature","geometry":{"type":"Point","coordinates":[23.3502983,42.7061933]},"properties":{"x":"http://www.wikidata.org/entity/Q141109406","rhm_link":"https://registersofia.bg/?option=com_monuments&view=monument&formdata[id]=107","xLabel":"Хаджи Димитър, паметник, скулптурен","rhmId":"107"}},{"type":"Feature","geometry":{"type":"Point","coordinates":[23.30991,42.70197]},"properties":{"x":"http://www.wikidata.org/entity/Q141109409","rhm_link":"https://registersofia.bg/?option=com_monuments&view=monument&formdata[id]=113","xLabel":"Антим I, бюст-паметник","rhmId":"113"}},{"type":"Feature","geometry":{"type":"Point","coordinates":[23.3293956,42.6959426]},"properties":{"x":"http://www.wikidata.org/entity/Q141109412","rhm_link":"https://registersofia.bg/?option=com_monuments&view=monument&formdata[id]=118","xLabel":"Ал. С. Пушкин, бюст-паметник","rhmId":"118"}},{"type":"Feature","geometry":{"type":"Point","coordinates":[23.34523,42.68559]},"properties":{"x":"http://www.wikidata.org/entity/Q141109421","rhm_link":"https://registersofia.bg/?option=com_monuments&view=monument&formdata[id]=128","xLabel":"„Истината за перото“, паметник, скулптурен","rhmId":"128"}},{"type":"Feature","geometry":{"type":"Point","coordinates":[23.334572,42.673141]},"properties":{"x":"http://www.wikidata.org/entity/Q141109424","rhm_link":"https://registersofia.bg/?option=com_monuments&view=monument&formdata[id]=212","xLabel":"Хараламби Тачев, паметна плоча","rhmId":"212"}},{"type":"Feature","geometry":{"type":"Point","coordinates":[23.326119,42.679447]},"properties":{"x":"http://www.wikidata.org/entity/Q141109425","rhm_link":"https://registersofia.bg/?option=com_monuments&view=monument&formdata[id]=216","xLabel":"Илия Цанов, паметна плоча с орелеф","rhmId":"216"}},{"type":"Feature","geometry":{"type":"Point","coordinates":[23.331445,42.681013]},"properties":{"x":"http://www.wikidata.org/entity/Q141109427","rhm_link":"https://registersofia.bg/?option=com_monuments&view=monument&formdata[id]=219","xLabel":"Христо Смирненски, паметна плоча с орелеф","rhmId":"219"}},{"type":"Feature","geometry":{"type":"Point","coordinates":[23.309574,42.698765]},"properties":{"x":"http://www.wikidata.org/entity/Q141109433","rhm_link":"https://registersofia.bg/?option=com_monuments&view=monument&formdata[id]=229","xLabel":"„Борци – антифашисти възпитаници на техникума“, паметна плоча","rhmId":"229"}},{"type":"Feature","geometry":{"type":"Point","coordinates":[23.313098,42.700071]},"properties":{"x":"http://www.wikidata.org/entity/Q141109439","rhm_link":"https://registersofia.bg/?option=com_monuments&view=monument&formdata[id]=236","xLabel":"Филип Аврамов, паметна плоча","rhmId":"236"}},{"type":"Feature","geometry":{"type":"Point","coordinates":[23.317516,42.699574]},"properties":{"x":"http://www.wikidata.org/entity/Q141109441","rhm_link":"https://registersofia.bg/?option=com_monuments&view=monument&formdata[id]=238","xLabel":"Васил Карагьозов, паметна плоча с релеф","rhmId":"238"}},{"type":"Feature","geometry":{"type":"Point","coordinates":[23.3144942,42.7116803]},"properties":{"x":"http://www.wikidata.org/entity/Q141109442","rhm_link":"https://registersofia.bg/?option=com_monuments&view=monument&formdata[id]=239","xLabel":"Георги Димитров, паметна плоча с барелеф","rhmId":"239"}},{"type":"Feature","geometry":{"type":"Point","coordinates":[23.320944,42.69773]},"properties":{"x":"http://www.wikidata.org/entity/Q141109444","rhm_link":"https://registersofia.bg/?option=com_monuments&view=monument&formdata[id]=241","xLabel":"Тодор Александров, паметна плоча с орелеф","rhmId":"241"}},{"type":"Feature","geometry":{"type":"Point","coordinates":[23.324285,42.685724]},"properties":{"x":"http://www.wikidata.org/entity/Q141109446","rhm_link":"https://registersofia.bg/?option=com_monuments&view=monument&formdata[id]=244","xLabel":"Васил Стоин, паметна плоча","rhmId":"244"}},{"type":"Feature","geometry":{"type":"Point","coordinates":[23.332075,42.68848]},"properties":{"x":"http://www.wikidata.org/entity/Q141109451","rhm_link":"https://registersofia.bg/?option=com_monuments&view=monument&formdata[id]=250","xLabel":"Георги Щерев, паметна плоча","rhmId":"250"}},{"type":"Feature","geometry":{"type":"Point","coordinates":[23.326052,42.691934]},"properties":{"x":"http://www.wikidata.org/entity/Q141109452","rhm_link":"https://registersofia.bg/?option=com_monuments&view=monument&formdata[id]=251","xLabel":"Димитър Добрев, проф., д-р., паметна плоча","rhmId":"251"}},{"type":"Feature","geometry":{"type":"Point","coordinates":[23.333681,42.6922107]},"properties":{"x":"http://www.wikidata.org/entity/Q141109456","rhm_link":"https://registersofia.bg/?option=com_monuments&view=monument&formdata[id]=256","xLabel":"Емил Георгиев, акад, проф. д-р., паметна плоча","rhmId":"256"}},{"type":"Feature","geometry":{"type":"Point","coordinates":[23.341095,42.688274]},"properties":{"x":"http://www.wikidata.org/entity/Q141109458","rhm_link":"https://registersofia.bg/?option=com_monuments&view=monument&formdata[id]=259","xLabel":"Зорница Попова, паметна плоча","rhmId":"259"}},{"type":"Feature","geometry":{"type":"Point","coordinates":[23.330187,42.688645]},"properties":{"x":"http://www.wikidata.org/entity/Q141109479","rhm_link":"https://registersofia.bg/?option=com_monuments&view=monument&formdata[id]=307","xLabel":"Петър Б. Пенчев, проф. и Никола П. Пенчев чл. кор., проф. д-р., паметна плоча","rhmId":"307"}},{"type":"Feature","geometry":{"type":"Point","coordinates":[23.324789,42.684751]},"properties":{"x":"http://www.wikidata.org/entity/Q141109483","rhm_link":"https://registersofia.bg/?option=com_monuments&view=monument&formdata[id]=311","xLabel":"Петър Василев, паметна плоча","rhmId":"311"}},{"type":"Feature","geometry":{"type":"Point","coordinates":[23.322645,42.692069]},"properties":{"x":"http://www.wikidata.org/entity/Q141109487","rhm_link":"https://registersofia.bg/?option=com_monuments&view=monument&formdata[id]=314","xLabel":"Петър Николов, проф. д-р, паметна плоча","rhmId":"314"}},{"type":"Feature","geometry":{"type":"Point","coordinates":[23.324325,42.689241]},"properties":{"x":"http://www.wikidata.org/entity/Q141109504","rhm_link":"https://registersofia.bg/?option=com_monuments&view=monument&formdata[id]=336","xLabel":"Тодор Г. Влайков, паметна плоча","rhmId":"336"}},{"type":"Feature","geometry":{"type":"Point","coordinates":[23.32644,42.692541]},"properties":{"x":"http://www.wikidata.org/entity/Q141109506","rhm_link":"https://registersofia.bg/?option=com_monuments&view=monument&formdata[id]=339","xLabel":"Михаил Момчилов, „Основаване на техническото дружество”, паметна плоча с барелеф, БИАД","rhmId":"339"}},{"type":"Feature","geometry":{"type":"Point","coordinates":[23.32559,42.692375]},"properties":{"x":"http://www.wikidata.org/entity/Q141109509","rhm_link":"https://registersofia.bg/?option=com_monuments&view=monument&formdata[id]=343","xLabel":"Костадин Карамитрев, инж., д-р., паметна плоча с барелеф","rhmId":"343"}},{"type":"Feature","geometry":{"type":"Point","coordinates":[23.3300754,42.6874388]},"properties":{"x":"http://www.wikidata.org/entity/Q141109510","rhm_link":"https://registersofia.bg/?option=com_monuments&view=monument&formdata[id]=344","xLabel":"Любен Каравелов, паметна плоча с релеф","rhmId":"344"}},{"type":"Feature","geometry":{"type":"Point","coordinates":[23.332559,42.691835]},"properties":{"x":"http://www.wikidata.org/entity/Q141109513","rhm_link":"https://registersofia.bg/?option=com_monuments&view=monument&formdata[id]=348","xLabel":"Фасадна скулптура - Катерица","rhmId":"348"}},{"type":"Feature","geometry":{"type":"Point","coordinates":[23.502246,42.784862]},"properties":{"x":"http://www.wikidata.org/entity/Q141109514","rhm_link":"https://registersofia.bg/?option=com_monuments&view=monument&formdata[id]=349","xLabel":"„Духът на буквите“, монументална стенопис - интериор, 156 ОУ „Васил Левски“","rhmId":"349"}},{"type":"Feature","geometry":{"type":"Point","coordinates":[23.3271391,42.6935469]},"properties":{"x":"http://www.wikidata.org/entity/Q141109880","rhm_link":"https://registersofia.bg/?option=com_monuments&view=monument&formdata[id]=1108","xLabel":"Фасадна скулптура и релеф – титани, лъвски глави, „УниКредит Булбанк”","rhmId":"1108"}},{"type":"Feature","geometry":{"type":"Point","coordinates":[23.3242026,42.6975858]},"properties":{"x":"http://www.wikidata.org/entity/Q141109891","rhm_link":"https://registersofia.bg/?option=com_monuments&view=monument&formdata[id]=1173","xLabel":"„1200 г. от превземането на на Сердика от кан Крум”, релеф – интериор","rhmId":"1173"}},{"type":"Feature","geometry":{"type":"Point","coordinates":[23.3355458,42.6932369]},"properties":{"x":"http://www.wikidata.org/entity/Q141109896","rhm_link":"https://registersofia.bg/?option=com_monuments&view=monument&formdata[id]=1185","xLabel":"Чешма със скулптурна фигура „Св. Климент”, Ректорат на СУ „Св. Климент Охридски”","rhmId":"1185"}},{"type":"Feature","geometry":{"type":"Point","coordinates":[23.3467485,42.6935229]},"properties":{"x":"http://www.wikidata.org/entity/Q141109915","rhm_link":"https://registersofia.bg/?option=com_monuments&view=monument&formdata[id]=1214","xLabel":"Хулио Паленсиа, монументална стенопис, 164 Испанска езикова гимназия","rhmId":"1214"}},{"type":"Feature","geometry":{"type":"Point","coordinates":[23.3287748,42.7006675]},"properties":{"x":"http://www.wikidata.org/entity/Q141109923","rhm_link":"https://registersofia.bg/?option=com_monuments&view=monument&formdata[id]=1227","xLabel":"Витали Таджер, проф., паметна плоча","rhmId":"1227"}},{"type":"Feature","geometry":{"type":"Point","coordinates":[23.317962,42.708932]},"properties":{"x":"http://www.wikidata.org/entity/Q141109941","rhm_link":"https://registersofia.bg/?option=com_monuments&view=monument&formdata[id]=142","xLabel":"Скулптурна група „Майчинство“","rhmId":"142"}},{"type":"Feature","geometry":{"type":"Point","coordinates":[23.296603,42.704169]},"properties":{"x":"http://www.wikidata.org/entity/Q141109942","rhm_link":"https://registersofia.bg/?option=com_monuments&view=monument&formdata[id]=143","xLabel":"На героите от Илинденско-преображенското въстание, свободностоящ паметен знак. Военен паметник, парк „Св. Троица”","rhmId":"143"}},{"type":"Feature","geometry":{"type":"Point","coordinates":[23.3282765,42.6874697]},"properties":{"x":"http://www.wikidata.org/entity/Q141109948","rhm_link":"https://registersofia.bg/?option=com_monuments&view=monument&formdata[id]=155","xLabel":"Дора Габе, паметна плоча","rhmId":"155"}},{"type":"Feature","geometry":{"type":"Point","coordinates":[23.3268501,42.6901898]},"properties":{"x":"http://www.wikidata.org/entity/Q141109949","rhm_link":"https://registersofia.bg/?option=com_monuments&view=monument&formdata[id]=157","xLabel":"Димитър Гичев, бюст-паметник","rhmId":"157"}},{"type":"Feature","geometry":{"type":"Point","coordinates":[23.333151,42.6882703]},"properties":{"x":"http://www.wikidata.org/entity/Q141109953","rhm_link":"https://registersofia.bg/?option=com_monuments&view=monument&formdata[id]=161","xLabel":"Катя Попова, паметна плоча с барелеф","rhmId":"161"}},{"type":"Feature","geometry":{"type":"Point","coordinates":[23.3334723,42.6924397]},"properties":{"x":"http://www.wikidata.org/entity/Q141109958","rhm_link":"https://registersofia.bg/?option=com_monuments&view=monument&formdata[id]=169","xLabel":"Цветан Ценков Цветанов, паметна плоча","rhmId":"169"}},{"type":"Feature","geometry":{"type":"Point","coordinates":[23.3281,42.6947507]},"properties":{"x":"http://www.wikidata.org/entity/Q141109959","rhm_link":"https://registersofia.bg/?option=com_monuments&view=monument&formdata[id]=170","xLabel":"Юлия Винер - Ченишева, паметна плоча","rhmId":"170"}},{"type":"Feature","geometry":{"type":"Point","coordinates":[23.3236042,42.6899391]},"properties":{"x":"http://www.wikidata.org/entity/Q141109962","rhm_link":"https://registersofia.bg/?option=com_monuments&view=monument&formdata[id]=176","xLabel":"Бенчо Обрешков, паметна плоча","rhmId":"176"}},{"type":"Feature","geometry":{"type":"Point","coordinates":[23.32427,42.688642]},"properties":{"x":"http://www.wikidata.org/entity/Q141109964","rhm_link":"https://registersofia.bg/?option=com_monuments&view=monument&formdata[id]=178","xLabel":"Васка Попова - Баларева, паметна плоча","rhmId":"178"}},{"type":"Feature","geometry":{"type":"Point","coordinates":[23.332792,42.688051]},"properties":{"x":"http://www.wikidata.org/entity/Q141109967","rhm_link":"https://registersofia.bg/?option=com_monuments&view=monument&formdata[id]=181","xLabel":"Весела Страшимирова, паметна плоча","rhmId":"181"}},{"type":"Feature","geometry":{"type":"Point","coordinates":[23.3346643,42.6822103]},"properties":{"x":"http://www.wikidata.org/entity/Q141109969","rhm_link":"https://registersofia.bg/?option=com_monuments&view=monument&formdata[id]=183","xLabel":"Александър Миленков, паметна плоча","rhmId":"183"}},{"type":"Feature","geometry":{"type":"Point","coordinates":[23.332605,42.681213]},"properties":{"x":"http://www.wikidata.org/entity/Q141109973","rhm_link":"https://registersofia.bg/?option=com_monuments&view=monument&formdata[id]=187","xLabel":"Богомил Райнов, паметна плоча","rhmId":"187"}},{"type":"Feature","geometry":{"type":"Point","coordinates":[23.3320421,42.6809371]},"properties":{"x":"http://www.wikidata.org/entity/Q141109974","rhm_link":"https://registersofia.bg/?option=com_monuments&view=monument&formdata[id]=188","xLabel":"Борис Пожаров, паметна плоча","rhmId":"188"}},{"type":"Feature","geometry":{"type":"Point","coordinates":[23.334256,42.681789]},"properties":{"x":"http://www.wikidata.org/entity/Q141109981","rhm_link":"https://registersofia.bg/?option=com_monuments&view=monument&formdata[id]=195","xLabel":"Елин Пелин, паметна плоча","rhmId":"195"}},{"type":"Feature","geometry":{"type":"Point","coordinates":[23.333452,42.681229]},"properties":{"x":"http://www.wikidata.org/entity/Q141109984","rhm_link":"https://registersofia.bg/?option=com_monuments&view=monument&formdata[id]=197","xLabel":"Иван Деблев Иванов, проф., паметна плоча","rhmId":"197"}},{"type":"Feature","geometry":{"type":"Point","coordinates":[23.329708,42.682668]},"properties":{"x":"http://www.wikidata.org/entity/Q141109985","rhm_link":"https://registersofia.bg/?option=com_monuments&view=monument&formdata[id]=198","xLabel":"Йордан Черкезов, паметна плоча","rhmId":"198"}},{"type":"Feature","geometry":{"type":"Point","coordinates":[23.334016,42.682041]},"properties":{"x":"http://www.wikidata.org/entity/Q141109986","rhm_link":"https://registersofia.bg/?option=com_monuments&view=monument&formdata[id]=199","xLabel":"Любомир Андрейчин, проф., паметна плоча","rhmId":"199"}},{"type":"Feature","geometry":{"type":"Point","coordinates":[23.330974,42.682893]},"properties":{"x":"http://www.wikidata.org/entity/Q141109988","rhm_link":"https://registersofia.bg/?option=com_monuments&view=monument&formdata[id]=201","xLabel":"Минко Николов, паметна плоча","rhmId":"201"}},{"type":"Feature","geometry":{"type":"Point","coordinates":[23.329872,42.681445]},"properties":{"x":"http://www.wikidata.org/entity/Q141109989","rhm_link":"https://registersofia.bg/?option=com_monuments&view=monument&formdata[id]=202","xLabel":"Михаил Николов Андреев, проф. , паметна плоча","rhmId":"202"}},{"type":"Feature","geometry":{"type":"Point","coordinates":[23.333769,42.682759]},"properties":{"x":"http://www.wikidata.org/entity/Q141109995","rhm_link":"https://registersofia.bg/?option=com_monuments&view=monument&formdata[id]=205","xLabel":"Панайот Коларов, проф., ул. паметна плоча","rhmId":"205"}},{"type":"Feature","geometry":{"type":"Point","coordinates":[23.333374,42.6604517]},"properties":{"x":"http://www.wikidata.org/entity/Q141110002","rhm_link":"https://registersofia.bg/?option=com_monuments&view=monument&formdata[id]=214","xLabel":"Бернард Курциус, паметна плоча с релеф","rhmId":"214"}},{"type":"Feature","geometry":{"type":"Point","coordinates":[23.329283,42.685325]},"properties":{"x":"http://www.wikidata.org/entity/Q141110004","rhm_link":"https://registersofia.bg/?option=com_monuments&view=monument&formdata[id]=217","xLabel":"Крум Попов, паметна плоча с релеф","rhmId":"217"}},{"type":"Feature","geometry":{"type":"Point","coordinates":[23.322824,42.689378]},"properties":{"x":"http://www.wikidata.org/entity/Q141110008","rhm_link":"https://registersofia.bg/?option=com_monuments&view=monument&formdata[id]=253","xLabel":"Димитър Списаревски, кап., паметна плоча. Военен паметник","rhmId":"253"}},{"type":"Feature","geometry":{"type":"Point","coordinates":[23.330423,42.692896]},"properties":{"x":"http://www.wikidata.org/entity/Q141110013","rhm_link":"https://registersofia.bg/?option=com_monuments&view=monument&formdata[id]=266","xLabel":"Йосиф Цанков, паметна плоча","rhmId":"266"}},{"type":"Feature","geometry":{"type":"Point","coordinates":[23.336522,42.6924]},"properties":{"x":"http://www.wikidata.org/entity/Q141110017","rhm_link":"https://registersofia.bg/?option=com_monuments&view=monument&formdata[id]=270","xLabel":"Кирил Н. Миленков, проф. д-р., паметна плоча","rhmId":"270"}},{"type":"Feature","geometry":{"type":"Point","coordinates":[23.323229,42.686237]},"properties":{"x":"http://www.wikidata.org/entity/Q141110020","rhm_link":"https://registersofia.bg/?option=com_monuments&view=monument&formdata[id]=273","xLabel":"Климент Денчев – Бате Климбо, паметна плоча","rhmId":"273"}},{"type":"Feature","geometry":{"type":"Point","coordinates":[23.347746,42.688118]},"properties":{"x":"http://www.wikidata.org/entity/Q141110037","rhm_link":"https://registersofia.bg/?option=com_monuments&view=monument&formdata[id]=338","xLabel":"Цар Петър Делян, паметна плоча","rhmId":"338"}},{"type":"Feature","geometry":{"type":"Point","coordinates":[23.3320122,42.6942498]},"properties":{"x":"http://www.wikidata.org/entity/Q141110041","rhm_link":"https://registersofia.bg/?option=com_monuments&view=monument&formdata[id]=353","xLabel":"Иван Евстратиев Гешов, акад., паметна плоча с барелеф, БАН","rhmId":"353"}},{"type":"Feature","geometry":{"type":"Point","coordinates":[23.357931,42.681519]},"properties":{"x":"http://www.wikidata.org/entity/Q141110047","rhm_link":"https://registersofia.bg/?option=com_monuments&view=monument&formdata[id]=359","xLabel":"Павел Т. Лилов, паметна плоча","rhmId":"359"}},{"type":"Feature","geometry":{"type":"Point","coordinates":[23.354384,42.683699]},"properties":{"x":"http://www.wikidata.org/entity/Q141110048","rhm_link":"https://registersofia.bg/?option=com_monuments&view=monument&formdata[id]=360","xLabel":"Людмил Кирков, паметна плоча","rhmId":"360"}},{"type":"Feature","geometry":{"type":"Point","coordinates":[23.352772,42.686902]},"properties":{"x":"http://www.wikidata.org/entity/Q141110050","rhm_link":"https://registersofia.bg/?option=com_monuments&view=monument&formdata[id]=362","xLabel":"Бончо Бочев и Лиляна Бочева, паметна плоча","rhmId":"362"}},{"type":"Feature","geometry":{"type":"Point","coordinates":[23.318969,42.695278]},"properties":{"x":"http://www.wikidata.org/entity/Q141110058","rhm_link":"https://registersofia.bg/?option=com_monuments&view=monument&formdata[id]=370","xLabel":"„Основаване на Учителската Социалдемократическа Организация“, паметна плоча","rhmId":"370"}},{"type":"Feature","geometry":{"type":"Point","coordinates":[23.314819,42.683936]},"properties":{"x":"http://www.wikidata.org/entity/Q141110151","rhm_link":"https://registersofia.bg/?option=com_monuments&view=monument&formdata[id]=1135","xLabel":"„Спортен клуб „Левски” - 1914 г.”, свободностоящ паметен знак","rhmId":"1135"}},{"type":"Feature","geometry":{"type":"Point","coordinates":[23.3363209,42.6994486]},"properties":{"x":"http://www.wikidata.org/entity/Q141110162","rhm_link":"https://registersofia.bg/?option=com_monuments&view=monument&formdata[id]=1171","xLabel":"Стефан Продев и Божана Продева, паметна плоча с барелеф","rhmId":"1171"}},{"type":"Feature","geometry":{"type":"Point","coordinates":[23.328606,42.677858]},"properties":{"x":"http://www.wikidata.org/entity/Q141110179","rhm_link":"https://registersofia.bg/?option=com_monuments&view=monument&formdata[id]=1223","xLabel":"Монументална стенопис (сграфито), Руски лицей","rhmId":"1223"}},{"type":"Feature","geometry":{"type":"Point","coordinates":[23.315296,42.692256]},"properties":{"x":"http://www.wikidata.org/entity/Q141110306","rhm_link":"https://registersofia.bg/?option=com_monuments&view=monument&formdata[id]=393","xLabel":"Сава Н. Иванов, паметна плоча. Военен паметник","rhmId":"393"}},{"type":"Feature","geometry":{"type":"Point","coordinates":[23.308739,42.687047]},"properties":{"x":"http://www.wikidata.org/entity/Q141110317","rhm_link":"https://registersofia.bg/?option=com_monuments&view=monument&formdata[id]=401","xLabel":"Малам Маламов, проф., д-р, паметна плоча","rhmId":"401"}},{"type":"Feature","geometry":{"type":"Point","coordinates":[23.3371447,42.6889035]},"properties":{"x":"http://www.wikidata.org/entity/Q141110327","rhm_link":"https://registersofia.bg/?option=com_monuments&view=monument&formdata[id]=410","xLabel":"Йордан Йовков, бюст-паметник, Борисова градина","rhmId":"410"}},{"type":"Feature","geometry":{"type":"Point","coordinates":[23.3581958,42.6785586]},"properties":{"x":"http://www.wikidata.org/entity/Q141110329","rhm_link":"https://registersofia.bg/?option=com_monuments&view=monument&formdata[id]=412","xLabel":"Васил Златарски, проф., стела с релеф, 138 СОУ „проф. Васил Златарски”","rhmId":"412"}},{"type":"Feature","geometry":{"type":"Point","coordinates":[23.3319764,42.6947309]},"properties":{"x":"http://www.wikidata.org/entity/Q141110410","rhm_link":"https://registersofia.bg/?option=com_monuments&view=monument&formdata[id]=1070","xLabel":"Франьо Рачки, паметна плоча с барелеф - интериор, БАН","rhmId":"1070"}},{"type":"Feature","geometry":{"type":"Point","coordinates":[23.326033,42.694361]},"properties":{"x":"http://www.wikidata.org/entity/Q141110429","rhm_link":"https://registersofia.bg/?option=com_monuments&view=monument&formdata[id]=1115","xLabel":"Херман Хелмер, арх,, Фердинанд Фелнер, арх., паметна плоча, строителен надпис, Народен театър „Иван Вазов”","rhmId":"1115"}},{"type":"Feature","geometry":{"type":"Point","coordinates":[23.3249686,42.6957374]},"properties":{"x":"http://www.wikidata.org/entity/Q141110463","rhm_link":"https://registersofia.bg/?option=com_monuments&view=monument&formdata[id]=1151","xLabel":"Герб, релеф, Българска народна банка","rhmId":"1151"}},{"type":"Feature","geometry":{"type":"Point","coordinates":[23.2691002,42.848938]},"properties":{"x":"http://www.wikidata.org/entity/Q141110599","rhm_link":"https://registersofia.bg/?option=com_monuments&view=monument&formdata[id]=1031","xLabel":"Чешма, село Балша","rhmId":"1031"}},{"type":"Feature","geometry":{"type":"Point","coordinates":[23.3269369,42.6961982]},"properties":{"x":"http://www.wikidata.org/entity/Q141114859","rhm_link":"https://registersofia.bg/?option=com_monuments&view=monument&formdata[id]=150","xLabel":"Васил Левски, паметна плоча","rhmId":"150"}},{"type":"Feature","geometry":{"type":"Point","coordinates":[23.3194622,42.8456671]},"properties":{"x":"http://www.wikidata.org/entity/Q141114874","rhm_link":"https://registersofia.bg/?option=com_monuments&view=monument&formdata[id]=1033","xLabel":"Венко Рашков Китов – Марин, бюст-паметник","rhmId":"1033"}},{"type":"Feature","geometry":{"type":"Point","coordinates":[23.461978,42.664476]},"properties":{"x":"http://www.wikidata.org/entity/Q141114876","rhm_link":"https://registersofia.bg/?option=com_monuments&view=monument&formdata[id]=1036","xLabel":"Чешма, село Казичене","rhmId":"1036"}},{"type":"Feature","geometry":{"type":"Point","coordinates":[23.2943785,42.6831254]},"properties":{"x":"http://www.wikidata.org/entity/Q141114889","rhm_link":"https://registersofia.bg/?option=com_monuments&view=monument&formdata[id]=1088","xLabel":"Скулптура, абстрактна, ОКИ „Красно село”","rhmId":"1088"}},{"type":"Feature","geometry":{"type":"Point","coordinates":[23.2945631,42.6835387]},"properties":{"x":"http://www.wikidata.org/entity/Q141114890","rhm_link":"https://registersofia.bg/?option=com_monuments&view=monument&formdata[id]=1092","xLabel":"Скулптура, абстрактна, ОКИ „Красно село”","rhmId":"1092"}},{"type":"Feature","geometry":{"type":"Point","coordinates":[23.310277777,42.692222222]},"properties":{"x":"http://www.wikidata.org/entity/Q2042926","rhm_link":"https://registersofia.bg/?option=com_monuments&view=monument&formdata[id]=422","xLabel":"Руски паметник","rhmId":"422"}},{"type":"Feature","geometry":{"type":"Point","coordinates":[23.32629,42.69659]},"properties":{"x":"http://www.wikidata.org/entity/Q56692116","rhm_link":"https://registersofia.bg/?option=com_monuments&view=monument&formdata[id]=725","xLabel":"Паметник на независимостта","rhmId":"725"}},{"type":"Feature","geometry":{"type":"Point","coordinates":[23.338055555,42.688055555]},"properties":{"x":"http://www.wikidata.org/entity/Q92616696","rhm_link":"https://registersofia.bg/?option=com_monuments&view=monument&formdata[id]=420","xLabel":"Бюст-паметник на Христо Ботев","rhmId":"420"}},{"type":"Feature","geometry":{"type":"Point","coordinates":[23.339722222,42.687777777]},"properties":{"x":"http://www.wikidata.org/entity/Q92618269","rhm_link":"https://registersofia.bg/?option=com_monuments&view=monument&formdata[id]=585","xLabel":"Бюст-паметник на Георги Бенковски","rhmId":"585"}},{"type":"Feature","geometry":{"type":"Point","coordinates":[23.33133,42.6958]},"properties":{"x":"http://www.wikidata.org/entity/Q92619327","rhm_link":"https://registersofia.bg/?option=com_monuments&view=monument&formdata[id]=136","xLabel":"Паметник на Иларион Макариополски","rhmId":"136"}},{"type":"Feature","geometry":{"type":"Point","coordinates":[23.33743,42.68761]},"properties":{"x":"http://www.wikidata.org/entity/Q92621951","rhm_link":"https://registersofia.bg/?option=com_monuments&view=monument&formdata[id]=1009","xLabel":"Бюст-паметник на Добри Желязков","rhmId":"1009"}},{"type":"Feature","geometry":{"type":"Point","coordinates":[23.32396,42.69444]},"properties":{"x":"http://www.wikidata.org/entity/Q125205981","rhm_link":"https://registersofia.bg/?option=com_monuments&view=monument&formdata[id]=890","xLabel":"Паметник на генерал Гурко","rhmId":"890"}},{"type":"Feature","geometry":{"type":"Point","coordinates":[23.323927647,42.692744117]},"properties":{"x":"http://www.wikidata.org/entity/Q131360828","rhm_link":"https://registersofia.bg/?option=com_monuments&view=monument&formdata[id]=166","xLabel":"Паметник на Петко и Пенчо Славейкови","rhmId":"166"}},{"type":"Feature","geometry":{"type":"Point","coordinates":[23.323315,42.693278]},"properties":{"x":"http://www.wikidata.org/entity/Q141109306","rhm_link":"https://registersofia.bg/?option=com_monuments&view=monument&formdata[id]=12","xLabel":"Александър Малинов, паметна плоча","rhmId":"12"}},{"type":"Feature","geometry":{"type":"Point","coordinates":[23.3277951,42.6891565]},"properties":{"x":"http://www.wikidata.org/entity/Q141109335","rhm_link":"https://registersofia.bg/?option=com_monuments&view=monument&formdata[id]=19","xLabel":"Г. М. Димитров, паметна плоча с барелеф","rhmId":"19"}},{"type":"Feature","geometry":{"type":"Point","coordinates":[23.2441566,42.7172481]},"properties":{"x":"http://www.wikidata.org/entity/Q141109358","rhm_link":"https://registersofia.bg/?option=com_monuments&view=monument&formdata[id]=45","xLabel":"Пано, 96 СОУ „Л.Н.Толстой“, фасада 2","rhmId":"45"}},{"type":"Feature","geometry":{"type":"Point","coordinates":[23.3545065,42.6751955]},"properties":{"x":"http://www.wikidata.org/entity/Q141109359","rhm_link":"https://registersofia.bg/?option=com_monuments&view=monument&formdata[id]=46","xLabel":"Монументална стенопис (сграфито) - интериор, 119 СОУ „Акад. Васил Арнаудов“ (библиотека)","rhmId":"46"}},{"type":"Feature","geometry":{"type":"Point","coordinates":[23.2452787,42.7133571]},"properties":{"x":"http://www.wikidata.org/entity/Q141109360","rhm_link":"https://registersofia.bg/?option=com_monuments&view=monument&formdata[id]=47","xLabel":"Хосе Марти, бюст-паметник, ЦДГ №57","rhmId":"47"}},{"type":"Feature","geometry":{"type":"Point","coordinates":[23.2613253,42.7121943]},"properties":{"x":"http://www.wikidata.org/entity/Q141109362","rhm_link":"https://registersofia.bg/?option=com_monuments&view=monument&formdata[id]=49","xLabel":"Пано, ОДЗ №68 „Ран Босилек“","rhmId":"49"}},{"type":"Feature","geometry":{"type":"Point","coordinates":[23.2641061,42.7105069]},"properties":{"x":"http://www.wikidata.org/entity/Q141109364","rhm_link":"https://registersofia.bg/?option=com_monuments&view=monument&formdata[id]=51","xLabel":"Пано - интериор, ОДЗ №64 „Първи юни“","rhmId":"51"}},{"type":"Feature","geometry":{"type":"Point","coordinates":[23.2644762,42.7103729]},"properties":{"x":"http://www.wikidata.org/entity/Q141109365","rhm_link":"https://registersofia.bg/?option=com_monuments&view=monument&formdata[id]=52","xLabel":"Пано, ОДЗ №64 „Първи юни“","rhmId":"52"}},{"type":"Feature","geometry":{"type":"Point","coordinates":[23.2587615,42.7199902]},"properties":{"x":"http://www.wikidata.org/entity/Q141109366","rhm_link":"https://registersofia.bg/?option=com_monuments&view=monument&formdata[id]=53","xLabel":"Пано, ОДЗ №73 „Маргарита“","rhmId":"53"}},{"type":"Feature","geometry":{"type":"Point","coordinates":[23.2628884,42.7121161]},"properties":{"x":"http://www.wikidata.org/entity/Q141109368","rhm_link":"https://registersofia.bg/?option=com_monuments&view=monument&formdata[id]=55","xLabel":"Индира Ганди, свободностоящ паметен знак с барелеф, 79 СОУ „Индира Ганди”","rhmId":"55"}},{"type":"Feature","geometry":{"type":"Point","coordinates":[23.2627752,42.7118077]},"properties":{"x":"http://www.wikidata.org/entity/Q141109370","rhm_link":"https://registersofia.bg/?option=com_monuments&view=monument&formdata[id]=57","xLabel":"Индира Ганди, монументална стенопис - интериор, 79 СОУ „Индира Ганди”","rhmId":"57"}},{"type":"Feature","geometry":{"type":"Point","coordinates":[23.3305621,42.6715738]},"properties":{"x":"http://www.wikidata.org/entity/Q141109373","rhm_link":"https://registersofia.bg/?option=com_monuments&view=monument&formdata[id]=64","xLabel":"Скулптура - глава на български хан","rhmId":"64"}},{"type":"Feature","geometry":{"type":"Point","coordinates":[23.407481,42.47884]},"properties":{"x":"http://www.wikidata.org/entity/Q141109380","rhm_link":"https://registersofia.bg/?option=com_monuments&view=monument&formdata[id]=74","xLabel":"На загиналите във войните за национално обединение и във Втората световна война, заключителна фаза от с. Плана. Военен паметник","rhmId":"74"}},{"type":"Feature","geometry":{"type":"Point","coordinates":[23.329962,42.704873]},"properties":{"x":"http://www.wikidata.org/entity/Q141109385","rhm_link":"https://registersofia.bg/?option=com_monuments&view=monument&formdata[id]=78","xLabel":"Фасаден елемент, лъвска глава","rhmId":"78"}},{"type":"Feature","geometry":{"type":"Point","coordinates":[23.2251162,42.6949128]},"properties":{"x":"http://www.wikidata.org/entity/Q141109389","rhm_link":"https://registersofia.bg/?option=com_monuments&view=monument&formdata[id]=84","xLabel":"Христо Ботев, паметна плоча с орелеф, 72 ОУ „Христо Ботев\"\"","rhmId":"84"}},{"type":"Feature","geometry":{"type":"Point","coordinates":[23.3363855,42.6925023]},"properties":{"x":"http://www.wikidata.org/entity/Q141109396","rhm_link":"https://registersofia.bg/?option=com_monuments&view=monument&formdata[id]=93","xLabel":"Маргарита Лилова, паметна плоча","rhmId":"93"}},{"type":"Feature","geometry":{"type":"Point","coordinates":[23.3242802,42.6922426]},"properties":{"x":"http://www.wikidata.org/entity/Q141109398","rhm_link":"https://registersofia.bg/?option=com_monuments&view=monument&formdata[id]=95","xLabel":"Петко и Пенчо Славейкови, паметна плоча","rhmId":"95"}},{"type":"Feature","geometry":{"type":"Point","coordinates":[23.3306621,42.6913147]},"properties":{"x":"http://www.wikidata.org/entity/Q141109399","rhm_link":"https://registersofia.bg/?option=com_monuments&view=monument&formdata[id]=96","xLabel":"Петко Стайнов, акад ., паметна плоча","rhmId":"96"}},{"type":"Feature","geometry":{"type":"Point","coordinates":[23.3194413,42.6896033]},"properties":{"x":"http://www.wikidata.org/entity/Q141109400","rhm_link":"https://registersofia.bg/?option=com_monuments&view=monument&formdata[id]=97","xLabel":"Петко Ю. Тодоров, паметна плоча","rhmId":"97"}},{"type":"Feature","geometry":{"type":"Point","coordinates":[23.3301165,42.6983599]},"properties":{"x":"http://www.wikidata.org/entity/Q141109403","rhm_link":"https://registersofia.bg/?option=com_monuments&view=monument&formdata[id]=103","xLabel":"Алеко Константинов, паметна плоча","rhmId":"103"}},{"type":"Feature","geometry":{"type":"Point","coordinates":[23.487612,42.558227]},"properties":{"x":"http://www.wikidata.org/entity/Q141109417","rhm_link":"https://registersofia.bg/?option=com_monuments&view=monument&formdata[id]=125","xLabel":"Димитър Списаревски, кап., паметна плоча, лобно място. Военен паметник","rhmId":"125"}},{"type":"Feature","geometry":{"type":"Point","coordinates":[23.3471696,42.6598356]},"properties":{"x":"http://www.wikidata.org/entity/Q141109418","rhm_link":"https://registersofia.bg/?option=com_monuments&view=monument&formdata[id]=126","xLabel":"Пано, Гражданска защита","rhmId":"126"}},{"type":"Feature","geometry":{"type":"Point","coordinates":[23.330375,42.696438]},"properties":{"x":"http://www.wikidata.org/entity/Q141109423","rhm_link":"https://registersofia.bg/?option=com_monuments&view=monument&formdata[id]=130","xLabel":"Иван Вазов, паметник, скулптурен","rhmId":"130"}},{"type":"Feature","geometry":{"type":"Point","coordinates":[23.337636,42.688482]},"properties":{"x":"http://www.wikidata.org/entity/Q141109516","rhm_link":"https://registersofia.bg/?option=com_monuments&view=monument&formdata[id]=421","xLabel":"Николай Хайтов, бюст-паметник, Борисова градина","rhmId":"421"}},{"type":"Feature","geometry":{"type":"Point","coordinates":[23.345042,42.693224]},"properties":{"x":"http://www.wikidata.org/entity/Q141109527","rhm_link":"https://registersofia.bg/?option=com_monuments&view=monument&formdata[id]=441","xLabel":"Георги Тутев, паметна плоча","rhmId":"441"}},{"type":"Feature","geometry":{"type":"Point","coordinates":[23.345494,42.694957]},"properties":{"x":"http://www.wikidata.org/entity/Q141109528","rhm_link":"https://registersofia.bg/?option=com_monuments&view=monument&formdata[id]=442","xLabel":"Георги Стефанов Хлебаров, акад., проф., паметна плоча","rhmId":"442"}},{"type":"Feature","geometry":{"type":"Point","coordinates":[23.343037,42.692887]},"properties":{"x":"http://www.wikidata.org/entity/Q141109530","rhm_link":"https://registersofia.bg/?option=com_monuments&view=monument&formdata[id]=444","xLabel":"Димитър Вълчев, паметна плоча","rhmId":"444"}},{"type":"Feature","geometry":{"type":"Point","coordinates":[23.3255465,42.6979741]},"properties":{"x":"http://www.wikidata.org/entity/Q141109531","rhm_link":"https://registersofia.bg/?option=com_monuments&view=monument&formdata[id]=445","xLabel":"Димитър Осинин, паметна плоча","rhmId":"445"}},{"type":"Feature","geometry":{"type":"Point","coordinates":[23.3418158,42.6946149]},"properties":{"x":"http://www.wikidata.org/entity/Q141109537","rhm_link":"https://registersofia.bg/?option=com_monuments&view=monument&formdata[id]=450","xLabel":"Любомир Тенев, паметна плоча","rhmId":"450"}},{"type":"Feature","geometry":{"type":"Point","coordinates":[23.346227,42.694677]},"properties":{"x":"http://www.wikidata.org/entity/Q141109560","rhm_link":"https://registersofia.bg/?option=com_monuments&view=monument&formdata[id]=483","xLabel":"Надя Кехлибарева, паметна плоча","rhmId":"483"}},{"type":"Feature","geometry":{"type":"Point","coordinates":[23.349209,42.693731]},"properties":{"x":"http://www.wikidata.org/entity/Q141109562","rhm_link":"https://registersofia.bg/?option=com_monuments&view=monument&formdata[id]=485","xLabel":"Никола Н. Радев, паметна плоча. Военен паметник","rhmId":"485"}},{"type":"Feature","geometry":{"type":"Point","coordinates":[23.29167,42.680471]},"properties":{"x":"http://www.wikidata.org/entity/Q141109569","rhm_link":"https://registersofia.bg/?option=com_monuments&view=monument&formdata[id]=497","xLabel":"Монументална стенопис (сграфито), ДГ №80 „Приказна калина“","rhmId":"497"}},{"type":"Feature","geometry":{"type":"Point","coordinates":[23.358854,42.653487]},"properties":{"x":"http://www.wikidata.org/entity/Q141109571","rhm_link":"https://registersofia.bg/?option=com_monuments&view=monument&formdata[id]=500","xLabel":"Монументална стенопис (сграфито) – интериор, ЛТУ","rhmId":"500"}},{"type":"Feature","geometry":{"type":"Point","coordinates":[23.373131,42.684987]},"properties":{"x":"http://www.wikidata.org/entity/Q141109577","rhm_link":"https://registersofia.bg/?option=com_monuments&view=monument&formdata[id]=509","xLabel":"Монументален релеф, 65 ДГ „Слънчево детство“","rhmId":"509"}},{"type":"Feature","geometry":{"type":"Point","coordinates":[23.248205,42.694852]},"properties":{"x":"http://www.wikidata.org/entity/Q141109578","rhm_link":"https://registersofia.bg/?option=com_monuments&view=monument&formdata[id]=510","xLabel":"Монументална стенопис (сграфито), ВСУ „Любен Каравелов\"\"","rhmId":"510"}},{"type":"Feature","geometry":{"type":"Point","coordinates":[23.500053,42.53833]},"properties":{"x":"http://www.wikidata.org/entity/Q141109632","rhm_link":"https://registersofia.bg/?option=com_monuments&view=monument&formdata[id]=614","xLabel":"На загиналите във Втората световна война, заключителна фаза (и в съпротивителното движение) от с. Долни Пасарел. Военен паметник","rhmId":"614"}},{"type":"Feature","geometry":{"type":"Point","coordinates":[23.528855,42.516426]},"properties":{"x":"http://www.wikidata.org/entity/Q141109635","rhm_link":"https://registersofia.bg/?option=com_monuments&view=monument&formdata[id]=617","xLabel":"На загиналите във войните за национално обединение, във Втората световна война, заключителна фаза (в съпротивителното движение и др.) от с. Горни Пасарел. Военен паметник","rhmId":"617"}},{"type":"Feature","geometry":{"type":"Point","coordinates":[23.339139,42.687767]},"properties":{"x":"http://www.wikidata.org/entity/Q141109637","rhm_link":"https://registersofia.bg/?option=com_monuments&view=monument&formdata[id]=619","xLabel":"Алеко Константинов, бюст-паметник, Борисова градина","rhmId":"619"}},{"type":"Feature","geometry":{"type":"Point","coordinates":[23.35259,42.700635]},"properties":{"x":"http://www.wikidata.org/entity/Q141109663","rhm_link":"https://registersofia.bg/?option=com_monuments&view=monument&formdata[id]=687","xLabel":"На загиналите във войните за национално обединение и във Втората световна война, заключителна фаза от Подуяне. Военен паметник","rhmId":"687"}},{"type":"Feature","geometry":{"type":"Point","coordinates":[23.33918,42.699028]},"properties":{"x":"http://www.wikidata.org/entity/Q141109665","rhm_link":"https://registersofia.bg/?option=com_monuments&view=monument&formdata[id]=689","xLabel":"Асен Йорданов, майор, свободностоящ паметен знак. Военен паметник","rhmId":"689"}},{"type":"Feature","geometry":{"type":"Point","coordinates":[23.339936,42.696287]},"properties":{"x":"http://www.wikidata.org/entity/Q141109669","rhm_link":"https://registersofia.bg/?option=com_monuments&view=monument&formdata[id]=695","xLabel":"Владимир Димитров Майстора, паметна плоча с барелеф","rhmId":"695"}},{"type":"Feature","geometry":{"type":"Point","coordinates":[23.329655,42.696679]},"properties":{"x":"http://www.wikidata.org/entity/Q141109674","rhm_link":"https://registersofia.bg/?option=com_monuments&view=monument&formdata[id]=700","xLabel":"Константин Кисимов, паметна плоча с барелеф","rhmId":"700"}},{"type":"Feature","geometry":{"type":"Point","coordinates":[23.3312544,42.686388]},"properties":{"x":"http://www.wikidata.org/entity/Q141109687","rhm_link":"https://registersofia.bg/?option=com_monuments&view=monument&formdata[id]=716","xLabel":"Скулптурна група „Съветски специалист и български техник”, „Мост на Дружбата”","rhmId":"716"}},{"type":"Feature","geometry":{"type":"Point","coordinates":[23.25746,42.71832]},"properties":{"x":"http://www.wikidata.org/entity/Q141109712","rhm_link":"https://registersofia.bg/?option=com_monuments&view=monument&formdata[id]=796","xLabel":"Пано - интериор, Метростанция „Люлин”","rhmId":"796"}},{"type":"Feature","geometry":{"type":"Point","coordinates":[23.339271,42.686211]},"properties":{"x":"http://www.wikidata.org/entity/Q141109718","rhm_link":"https://registersofia.bg/?option=com_monuments&view=monument&formdata[id]=803","xLabel":"Дарение, паметна плоча, строителен надпис, Лятна естрада, Борисова градина","rhmId":"803"}},{"type":"Feature","geometry":{"type":"Point","coordinates":[23.341656,42.693181]},"properties":{"x":"http://www.wikidata.org/entity/Q141109744","rhm_link":"https://registersofia.bg/?option=com_monuments&view=monument&formdata[id]=856","xLabel":"Иванка Ботйова, паметна плоча с барелеф","rhmId":"856"}},{"type":"Feature","geometry":{"type":"Point","coordinates":[23.3214049,42.6930607]},"properties":{"x":"http://www.wikidata.org/entity/Q141109758","rhm_link":"https://registersofia.bg/?option=com_monuments&view=monument&formdata[id]=876","xLabel":"Георги Емануилов Ангелов, проф., инж., паметна плоча","rhmId":"876"}},{"type":"Feature","geometry":{"type":"Point","coordinates":[23.3173879,42.7128688]},"properties":{"x":"http://www.wikidata.org/entity/Q141109762","rhm_link":"https://registersofia.bg/?option=com_monuments&view=monument&formdata[id]=880","xLabel":"„Синдикален дом на транспортните работници”","rhmId":"880"}},{"type":"Feature","geometry":{"type":"Point","coordinates":[23.370237,42.678508]},"properties":{"x":"http://www.wikidata.org/entity/Q141109778","rhm_link":"https://registersofia.bg/?option=com_monuments&view=monument&formdata[id]=903","xLabel":"Св. Климент Охридски, барелеф, ФНОИ, СУ „Св. Климент Охридски”","rhmId":"903"}},{"type":"Feature","geometry":{"type":"Point","coordinates":[23.605502,42.74629]},"properties":{"x":"http://www.wikidata.org/entity/Q141109806","rhm_link":"https://registersofia.bg/?option=com_monuments&view=monument&formdata[id]=995","xLabel":"Димитър Общи, Васил Бошаранов, Велчо Шунтов - Желявски районен революционен комитет, Стоян Велков Софийски (Желявски), Александър Бураго, паметна плоча","rhmId":"995"}},{"type":"Feature","geometry":{"type":"Point","coordinates":[23.376446,42.809058]},"properties":{"x":"http://www.wikidata.org/entity/Q141109827","rhm_link":"https://registersofia.bg/?option=com_monuments&view=monument&formdata[id]=1027","xLabel":"„Гнилянската република“, паметна плоча","rhmId":"1027"}},{"type":"Feature","geometry":{"type":"Point","coordinates":[23.5314924,42.7214696]},"properties":{"x":"http://www.wikidata.org/entity/Q141109832","rhm_link":"https://registersofia.bg/?option=com_monuments&view=monument&formdata[id]=1032","xLabel":"Монументална стенопис (сграфито), 115 ОУ „Св. Св. Кирил и Методий“","rhmId":"1032"}},{"type":"Feature","geometry":{"type":"Point","coordinates":[23.247439,42.7108026]},"properties":{"x":"http://www.wikidata.org/entity/Q141109881","rhm_link":"https://registersofia.bg/?option=com_monuments&view=monument&formdata[id]=1110","xLabel":"Христо Проданов, паметна плоча","rhmId":"1110"}},{"type":"Feature","geometry":{"type":"Point","coordinates":[23.3090382,42.6290645]},"properties":{"x":"http://www.wikidata.org/entity/Q141109887","rhm_link":"https://registersofia.bg/?option=com_monuments&view=monument&formdata[id]=1145","xLabel":"Народно читалище „Св. Св. Кирил и Методий” - Драгалевци, паметна плоча","rhmId":"1145"}},{"type":"Feature","geometry":{"type":"Point","coordinates":[23.290662,42.690657]},"properties":{"x":"http://www.wikidata.org/entity/Q141109893","rhm_link":"https://registersofia.bg/?option=com_monuments&view=monument&formdata[id]=1177","xLabel":"Монументална стенопис (сграфито), ПГСЕ","rhmId":"1177"}},{"type":"Feature","geometry":{"type":"Point","coordinates":[23.336302,42.69406]},"properties":{"x":"http://www.wikidata.org/entity/Q141109936","rhm_link":"https://registersofia.bg/?option=com_monuments&view=monument&formdata[id]=134","xLabel":"Владимир Димитров - Майстора, паметник, скулптурен","rhmId":"134"}},{"type":"Feature","geometry":{"type":"Point","coordinates":[23.333983,42.694347]},"properties":{"x":"http://www.wikidata.org/entity/Q141109939","rhm_link":"https://registersofia.bg/?option=com_monuments&view=monument&formdata[id]=139","xLabel":"Св. Климент Охридски, паметник, скулптурен","rhmId":"139"}},{"type":"Feature","geometry":{"type":"Point","coordinates":[23.3235553,42.6905747]},"properties":{"x":"http://www.wikidata.org/entity/Q141109940","rhm_link":"https://registersofia.bg/?option=com_monuments&view=monument&formdata[id]=141","xLabel":"Яна Язова, паметна плоча с орелеф","rhmId":"141"}},{"type":"Feature","geometry":{"type":"Point","coordinates":[23.3335334,42.6821244]},"properties":{"x":"http://www.wikidata.org/entity/Q141109975","rhm_link":"https://registersofia.bg/?option=com_monuments&view=monument&formdata[id]=189","xLabel":"Владимир Стойчев, ген. полк., паметна плоча. Военен паметник","rhmId":"189"}},{"type":"Feature","geometry":{"type":"Point","coordinates":[23.325244,42.680249]},"properties":{"x":"http://www.wikidata.org/entity/Q141109980","rhm_link":"https://registersofia.bg/?option=com_monuments&view=monument&formdata[id]=194","xLabel":"Евтим Христов Иванов, паметна плоча","rhmId":"194"}},{"type":"Feature","geometry":{"type":"Point","coordinates":[23.49713,42.54302]},"properties":{"x":"http://www.wikidata.org/entity/Q141110070","rhm_link":"https://registersofia.bg/?option=com_monuments&view=monument&formdata[id]=613","xLabel":"Димитър Списаревски, кап., паметна плоча с релеф. Военен паметник","rhmId":"613"}},{"type":"Feature","geometry":{"type":"Point","coordinates":[23.329589,42.696668]},"properties":{"x":"http://www.wikidata.org/entity/Q141110071","rhm_link":"https://registersofia.bg/?option=com_monuments&view=monument&formdata[id]=694","xLabel":"Гена Димитрова, паметна плоча с барелеф","rhmId":"694"}},{"type":"Feature","geometry":{"type":"Point","coordinates":[23.301674,42.683808]},"properties":{"x":"http://www.wikidata.org/entity/Q141110072","rhm_link":"https://registersofia.bg/?option=com_monuments&view=monument&formdata[id]=742","xLabel":"Скулптурна фигура - майка, кърмеща рожбата си","rhmId":"742"}},{"type":"Feature","geometry":{"type":"Point","coordinates":[23.242967,42.659163]},"properties":{"x":"http://www.wikidata.org/entity/Q141110079","rhm_link":"https://registersofia.bg/?option=com_monuments&view=monument&formdata[id]=751","xLabel":"„Алеко Константинов”, туристическо дружество, паметна плоча","rhmId":"751"}},{"type":"Feature","geometry":{"type":"Point","coordinates":[23.3130461,42.6953597]},"properties":{"x":"http://www.wikidata.org/entity/Q141110091","rhm_link":"https://registersofia.bg/?option=com_monuments&view=monument&formdata[id]=770","xLabel":"Георги Бенковски, свободностоящ паметен знак","rhmId":"770"}},{"type":"Feature","geometry":{"type":"Point","coordinates":[23.3364635,42.7111646]},"properties":{"x":"http://www.wikidata.org/entity/Q141110093","rhm_link":"https://registersofia.bg/?option=com_monuments&view=monument&formdata[id]=772","xLabel":"Военен мавзолей – костница на загиналите във войните за национално обединение. Военен паметник. Архитектурно-скулпторен ансамбъл","rhmId":"772"}},{"type":"Feature","geometry":{"type":"Point","coordinates":[23.3207834,42.695555]},"properties":{"x":"http://www.wikidata.org/entity/Q141110094","rhm_link":"https://registersofia.bg/?option=com_monuments&view=monument&formdata[id]=773","xLabel":"Скулптурни фигури „Лъвове”, Съдебна палата","rhmId":"773"}},{"type":"Feature","geometry":{"type":"Point","coordinates":[23.3237941,42.7050741]},"properties":{"x":"http://www.wikidata.org/entity/Q141110103","rhm_link":"https://registersofia.bg/?option=com_monuments&view=monument&formdata[id]=784","xLabel":"Скулптурни фигури „Лъвове”, скулптурна украса, Лъвов мост","rhmId":"784"}},{"type":"Feature","geometry":{"type":"Point","coordinates":[23.53192,42.721237]},"properties":{"x":"http://www.wikidata.org/entity/Q141110134","rhm_link":"https://registersofia.bg/?option=com_monuments&view=monument&formdata[id]=883","xLabel":"35 войници от 22-ри Тамбовски полк, свободностоящ паметен знак – гроб. Паметник на Освободителната война","rhmId":"883"}},{"type":"Feature","geometry":{"type":"Point","coordinates":[23.328866,42.6907652]},"properties":{"x":"http://www.wikidata.org/entity/Q141110142","rhm_link":"https://registersofia.bg/?option=com_monuments&view=monument&formdata[id]=917","xLabel":"Фасадна скулптура - девойка, 7 СОУ „Св. Седмочисленици”","rhmId":"917"}},{"type":"Feature","geometry":{"type":"Point","coordinates":[23.3150503,42.6954527]},"properties":{"x":"http://www.wikidata.org/entity/Q141110158","rhm_link":"https://registersofia.bg/?option=com_monuments&view=monument&formdata[id]=1167","xLabel":"Петър Г. Дървингов, паметна плоча. Военен паметник","rhmId":"1167"}},{"type":"Feature","geometry":{"type":"Point","coordinates":[23.3260976,42.7023014]},"properties":{"x":"http://www.wikidata.org/entity/Q141110335","rhm_link":"https://registersofia.bg/?option=com_monuments&view=monument&formdata[id]=423","xLabel":"Тодор Чипев, паметна плоча","rhmId":"423"}},{"type":"Feature","geometry":{"type":"Point","coordinates":[23.32785,42.6932378]},"properties":{"x":"http://www.wikidata.org/entity/Q141110336","rhm_link":"https://registersofia.bg/?option=com_monuments&view=monument&formdata[id]=428","xLabel":"„Булгарплод“, монументална стенопис (сграфито)","rhmId":"428"}},{"type":"Feature","geometry":{"type":"Point","coordinates":[23.339541,42.699297]},"properties":{"x":"http://www.wikidata.org/entity/Q141110338","rhm_link":"https://registersofia.bg/?option=com_monuments&view=monument&formdata[id]=436","xLabel":"Ван Д. Разслабенов, паметна плоча","rhmId":"436"}},{"type":"Feature","geometry":{"type":"Point","coordinates":[23.338177,42.698583]},"properties":{"x":"http://www.wikidata.org/entity/Q141110340","rhm_link":"https://registersofia.bg/?option=com_monuments&view=monument&formdata[id]=457","xLabel":"Орлин Василев, Харалампи Попйорданов, Александър Поплилов, Николай Гяуров, паметна плоча","rhmId":"457"}},{"type":"Feature","geometry":{"type":"Point","coordinates":[23.318908,42.748335]},"properties":{"x":"http://www.wikidata.org/entity/Q141110356","rhm_link":"https://registersofia.bg/?option=com_monuments&view=monument&formdata[id]=545","xLabel":"На загиналите във войните за национално обединение от с. Илиянци. Военен паметник","rhmId":"545"}},{"type":"Feature","geometry":{"type":"Point","coordinates":[23.227252,42.696222]},"properties":{"x":"http://www.wikidata.org/entity/Q141110360","rhm_link":"https://registersofia.bg/?option=com_monuments&view=monument&formdata[id]=549","xLabel":"На загиналите във войните за национално обединение, във Втората световна война, заключителна фаза (в съпротивителното движение и др.) от с. Суходол. Военен паметник","rhmId":"549"}},{"type":"Feature","geometry":{"type":"Point","coordinates":[23.337789,42.68889]},"properties":{"x":"http://www.wikidata.org/entity/Q141110388","rhm_link":"https://registersofia.bg/?option=com_monuments&view=monument&formdata[id]=645","xLabel":"Паисий Хилендарски, паметник с релеф, Борисова градина","rhmId":"645"}},{"type":"Feature","geometry":{"type":"Point","coordinates":[23.3268189,42.6930497]},"properties":{"x":"http://www.wikidata.org/entity/Q141110407","rhm_link":"https://registersofia.bg/?option=com_monuments&view=monument&formdata[id]=1066","xLabel":"„Паметник на мира” - гълъб, градина „Чайка”","rhmId":"1066"}},{"type":"Feature","geometry":{"type":"Point","coordinates":[23.295722,42.705055]},"properties":{"x":"http://www.wikidata.org/entity/Q141110426","rhm_link":"https://registersofia.bg/?option=com_monuments&view=monument&formdata[id]=1097","xLabel":"Ернест Солвей, бюст-паметник, парк „Св. Троица”","rhmId":"1097"}},{"type":"Feature","geometry":{"type":"Point","coordinates":[23.326023,42.686097]},"properties":{"x":"http://www.wikidata.org/entity/Q141110428","rhm_link":"https://registersofia.bg/?option=com_monuments&view=monument&formdata[id]=1114","xLabel":"Крум Цоков, Трифон Пухлев, Димитър Икономов, Зджислав, Владислав и Бронислав Зембжуски, паметна плоча","rhmId":"1114"}},{"type":"Feature","geometry":{"type":"Point","coordinates":[23.35606,42.703706]},"properties":{"x":"http://www.wikidata.org/entity/Q141110431","rhm_link":"https://registersofia.bg/?option=com_monuments&view=monument&formdata[id]=1117","xLabel":"„За хвърчащите хора”, монументална стенопис","rhmId":"1117"}},{"type":"Feature","geometry":{"type":"Point","coordinates":[23.321017,42.688955]},"properties":{"x":"http://www.wikidata.org/entity/Q141110437","rhm_link":"https://registersofia.bg/?option=com_monuments&view=monument&formdata[id]=1122","xLabel":"Релеф – женски образ","rhmId":"1122"}},{"type":"Feature","geometry":{"type":"Point","coordinates":[23.346217,42.691376]},"properties":{"x":"http://www.wikidata.org/entity/Q141110443","rhm_link":"https://registersofia.bg/?option=com_monuments&view=monument&formdata[id]=1129","xLabel":"Васил Левски, бюст паметник, Военна академия","rhmId":"1129"}},{"type":"Feature","geometry":{"type":"Point","coordinates":[23.3271758,42.6956101]},"properties":{"x":"http://www.wikidata.org/entity/Q141110472","rhm_link":"https://registersofia.bg/?option=com_monuments&view=monument&formdata[id]=1160","xLabel":"Джеймс Баучер, паметна плоча","rhmId":"1160"}},{"type":"Feature","geometry":{"type":"Point","coordinates":[23.320258,42.6761236]},"properties":{"x":"http://www.wikidata.org/entity/Q141110473","rhm_link":"https://registersofia.bg/?option=com_monuments&view=monument&formdata[id]=1162","xLabel":"Николай Лилиев, паметна плоча","rhmId":"1162"}},{"type":"Feature","geometry":{"type":"Point","coordinates":[23.353976,42.827209]},"properties":{"x":"http://www.wikidata.org/entity/Q141110491","rhm_link":"https://registersofia.bg/?option=com_monuments&view=monument&formdata[id]=662","xLabel":"На загиналите във войните за национално обединение и във Втората световна война, заключителна фаза от с. Курило. Военен паметник","rhmId":"662"}},{"type":"Feature","geometry":{"type":"Point","coordinates":[23.31063,42.722186]},"properties":{"x":"http://www.wikidata.org/entity/Q141110534","rhm_link":"https://registersofia.bg/?option=com_monuments&view=monument&formdata[id]=748","xLabel":"Скулптурна група „работници”","rhmId":"748"}},{"type":"Feature","geometry":{"type":"Point","coordinates":[23.3345457,42.6882324]},"properties":{"x":"http://www.wikidata.org/entity/Q141110548","rhm_link":"https://registersofia.bg/?option=com_monuments&view=monument&formdata[id]=924","xLabel":"Продан Стоянов Гарджев, свободна борба, 1963 г., Национален стадион „Васил Левски”, паметна плоча","rhmId":"924"}},{"type":"Feature","geometry":{"type":"Point","coordinates":[23.3243097,42.6920945]},"properties":{"x":"http://www.wikidata.org/entity/Q141110583","rhm_link":"https://registersofia.bg/?option=com_monuments&view=monument&formdata[id]=970","xLabel":"Фонтан, пл. „Славейков”","rhmId":"970"}},{"type":"Feature","geometry":{"type":"Point","coordinates":[23.246836,42.713499]},"properties":{"x":"http://www.wikidata.org/entity/Q141114870","rhm_link":"https://registersofia.bg/?option=com_monuments&view=monument&formdata[id]=866","xLabel":"Райко Даскалов, бюст-паметник","rhmId":"866"}},{"type":"Feature","geometry":{"type":"Point","coordinates":[23.332091,42.687324]},"properties":{"x":"http://www.wikidata.org/entity/Q141114887","rhm_link":"https://registersofia.bg/?option=com_monuments&view=monument&formdata[id]=1052","xLabel":"Чешма, абстрактна","rhmId":"1052"}},{"type":"Feature","geometry":{"type":"Point","coordinates":[23.286288888,42.822066666]},"properties":{"x":"http://www.wikidata.org/entity/Q106574300","rhm_link":"https://registersofia.bg/?option=com_monuments&view=monument&formdata[id]=676","xLabel":"Войнишки паметник в село Доброславци","rhmId":"676"}},{"type":"Feature","geometry":{"type":"Point","coordinates":[23.338361111,42.686805555]},"properties":{"x":"http://www.wikidata.org/entity/Q114453732","rhm_link":"https://registersofia.bg/?option=com_monuments&view=monument&formdata[id]=620","xLabel":"Паметник на Иван Михайлов","rhmId":"620"}},{"type":"Feature","geometry":{"type":"Point","coordinates":[23.3318089,42.6929693]},"properties":{"x":"http://www.wikidata.org/entity/Q141109305","rhm_link":"https://registersofia.bg/?option=com_monuments&view=monument&formdata[id]=11","xLabel":"Ал. С. Пушкин, барелеф, 133 СОУ „Ал. С. Пушкин“","rhmId":"11"}},{"type":"Feature","geometry":{"type":"Point","coordinates":[23.371146,42.6452617]},"properties":{"x":"http://www.wikidata.org/entity/Q141109347","rhm_link":"https://registersofia.bg/?option=com_monuments&view=monument&formdata[id]=32","xLabel":"Скулптура, абстрактна, Парк „Сто години София“","rhmId":"32"}},{"type":"Feature","geometry":{"type":"Point","coordinates":[23.3447591,42.6889356]},"properties":{"x":"http://www.wikidata.org/entity/Q141109353","rhm_link":"https://registersofia.bg/?option=com_monuments&view=monument&formdata[id]=38","xLabel":"Ванко Ничев, проф., д-р., паметна плоча","rhmId":"38"}},{"type":"Feature","geometry":{"type":"Point","coordinates":[23.323201,42.690895]},"properties":{"x":"http://www.wikidata.org/entity/Q141109354","rhm_link":"https://registersofia.bg/?option=com_monuments&view=monument&formdata[id]=39","xLabel":"Веселин Стоянов, паметна плоча с релеф","rhmId":"39"}},{"type":"Feature","geometry":{"type":"Point","coordinates":[23.2613145,42.7119598]},"properties":{"x":"http://www.wikidata.org/entity/Q141109363","rhm_link":"https://registersofia.bg/?option=com_monuments&view=monument&formdata[id]=50","xLabel":"Монументална стенопис - интериор, ОДЗ №68 „Ран Босилек“","rhmId":"50"}},{"type":"Feature","geometry":{"type":"Point","coordinates":[23.2696078,42.714608]},"properties":{"x":"http://www.wikidata.org/entity/Q141109367","rhm_link":"https://registersofia.bg/?option=com_monuments&view=monument&formdata[id]=54","xLabel":"Монументална стенопис (сграфито), ОДЗ №86 „Асен Босев“","rhmId":"54"}},{"type":"Feature","geometry":{"type":"Point","coordinates":[23.4199179,42.7127353]},"properties":{"x":"http://www.wikidata.org/entity/Q141109376","rhm_link":"https://registersofia.bg/?option=com_monuments&view=monument&formdata[id]=70","xLabel":"Васил Левски - „Вълчовия хан\"\", свободностоящ паметен знак","rhmId":"70"}},{"type":"Feature","geometry":{"type":"Point","coordinates":[23.34902,42.6514772]},"properties":{"x":"http://www.wikidata.org/entity/Q141109377","rhm_link":"https://registersofia.bg/?option=com_monuments&view=monument&formdata[id]=71","xLabel":"Стефан Бобчев, паметник, скулптурен","rhmId":"71"}},{"type":"Feature","geometry":{"type":"Point","coordinates":[23.3581958,42.6785586]},"properties":{"x":"http://www.wikidata.org/entity/Q141109381","rhm_link":"https://registersofia.bg/?option=com_monuments&view=monument&formdata[id]=75","xLabel":"Юрий Гагарин, паметна плоча с релеф, 138 СОУ „проф. Васил Златарски”","rhmId":"75"}},{"type":"Feature","geometry":{"type":"Point","coordinates":[23.341541,42.691843]},"properties":{"x":"http://www.wikidata.org/entity/Q141109393","rhm_link":"https://registersofia.bg/?option=com_monuments&view=monument&formdata[id]=90","xLabel":"Добри Немиров, паметна плоча","rhmId":"90"}},{"type":"Feature","geometry":{"type":"Point","coordinates":[23.3299934,42.6864507]},"properties":{"x":"http://www.wikidata.org/entity/Q141109395","rhm_link":"https://registersofia.bg/?option=com_monuments&view=monument&formdata[id]=92","xLabel":"Иван Тодоров Странски, акад. проф., паметна плоча","rhmId":"92"}},{"type":"Feature","geometry":{"type":"Point","coordinates":[23.330983,42.692453]},"properties":{"x":"http://www.wikidata.org/entity/Q141109397","rhm_link":"https://registersofia.bg/?option=com_monuments&view=monument&formdata[id]=94","xLabel":"Никола Петков, паметна плоча","rhmId":"94"}},{"type":"Feature","geometry":{"type":"Point","coordinates":[23.3366866,42.6914829]},"properties":{"x":"http://www.wikidata.org/entity/Q141109407","rhm_link":"https://registersofia.bg/?option=com_monuments&view=monument&formdata[id]=109","xLabel":"Димитър Петков, паметник, лобно място","rhmId":"109"}},{"type":"Feature","geometry":{"type":"Point","coordinates":[23.33355,42.68398]},"properties":{"x":"http://www.wikidata.org/entity/Q141109408","rhm_link":"https://registersofia.bg/?option=com_monuments&view=monument&formdata[id]=111","xLabel":"„В памет на агрономите паднали в борбата против фашизма“, свободностоящ паметен знак","rhmId":"111"}},{"type":"Feature","geometry":{"type":"Point","coordinates":[23.330286,42.674781]},"properties":{"x":"http://www.wikidata.org/entity/Q141109410","rhm_link":"https://registersofia.bg/?option=com_monuments&view=monument&formdata[id]=115","xLabel":"Емануил Иванов, проф, паметник, скулптурен, ФМИ, СУ „Св. Климент Охридски”","rhmId":"115"}},{"type":"Feature","geometry":{"type":"Point","coordinates":[23.3333217,42.6952551]},"properties":{"x":"http://www.wikidata.org/entity/Q141109414","rhm_link":"https://registersofia.bg/?option=com_monuments&view=monument&formdata[id]=122","xLabel":"В памет на невинните жертви от англо-американските бомбардировки на София, свободностоящ паметен знак","rhmId":"122"}},{"type":"Feature","geometry":{"type":"Point","coordinates":[23.322642,42.693874]},"properties":{"x":"http://www.wikidata.org/entity/Q141109420","rhm_link":"https://registersofia.bg/?option=com_monuments&view=monument&formdata[id]=127","xLabel":"Джузепе Гарибалди, паметник, скулптурен","rhmId":"127"}},{"type":"Feature","geometry":{"type":"Point","coordinates":[23.314492,42.696889]},"properties":{"x":"http://www.wikidata.org/entity/Q141109435","rhm_link":"https://registersofia.bg/?option=com_monuments&view=monument&formdata[id]=232","xLabel":"Георги Ранков, акад., проф., паметна плоча","rhmId":"232"}},{"type":"Feature","geometry":{"type":"Point","coordinates":[23.321225,42.690145]},"properties":{"x":"http://www.wikidata.org/entity/Q141109453","rhm_link":"https://registersofia.bg/?option=com_monuments&view=monument&formdata[id]=252","xLabel":"Димитър Йосифов Пешев, паметна плоча","rhmId":"252"}},{"type":"Feature","geometry":{"type":"Point","coordinates":[23.328246,42.694439]},"properties":{"x":"http://www.wikidata.org/entity/Q141109464","rhm_link":"https://registersofia.bg/?option=com_monuments&view=monument&formdata[id]=276","xLabel":"Константин Щъркелов, паметна плоча","rhmId":"276"}},{"type":"Feature","geometry":{"type":"Point","coordinates":[23.331371,42.688342]},"properties":{"x":"http://www.wikidata.org/entity/Q141109469","rhm_link":"https://registersofia.bg/?option=com_monuments&view=monument&formdata[id]=282","xLabel":"Петър Динеков, акад., паметна плоча","rhmId":"282"}},{"type":"Feature","geometry":{"type":"Point","coordinates":[23.3278059,42.6968005]},"properties":{"x":"http://www.wikidata.org/entity/Q141109470","rhm_link":"https://registersofia.bg/?option=com_monuments&view=monument&formdata[id]=283","xLabel":"Александър Фол, проф., свободно–стоящ паметен знак","rhmId":"283"}},{"type":"Feature","geometry":{"type":"Point","coordinates":[23.342613,42.691584]},"properties":{"x":"http://www.wikidata.org/entity/Q141109473","rhm_link":"https://registersofia.bg/?option=com_monuments&view=monument&formdata[id]=288","xLabel":"Георги Георгиев – ГЕЦ, паметна плоча","rhmId":"288"}},{"type":"Feature","geometry":{"type":"Point","coordinates":[23.328262,42.693598]},"properties":{"x":"http://www.wikidata.org/entity/Q141109475","rhm_link":"https://registersofia.bg/?option=com_monuments&view=monument&formdata[id]=290","xLabel":"Георги Тр. Киселинчев, паметна плоча с барелеф","rhmId":"290"}},{"type":"Feature","geometry":{"type":"Point","coordinates":[23.329878,42.688491]},"properties":{"x":"http://www.wikidata.org/entity/Q141109491","rhm_link":"https://registersofia.bg/?option=com_monuments&view=monument&formdata[id]=318","xLabel":"Сава Огнянов, паметна плоча","rhmId":"318"}},{"type":"Feature","geometry":{"type":"Point","coordinates":[23.34084,42.68855]},"properties":{"x":"http://www.wikidata.org/entity/Q141109501","rhm_link":"https://registersofia.bg/?option=com_monuments&view=monument&formdata[id]=330","xLabel":"Стойчо Мошанов, паметна плоча","rhmId":"330"}},{"type":"Feature","geometry":{"type":"Point","coordinates":[23.325399,42.691582]},"properties":{"x":"http://www.wikidata.org/entity/Q141109503","rhm_link":"https://registersofia.bg/?option=com_monuments&view=monument&formdata[id]=332","xLabel":"Стоян Л. Костов, паметна плоча","rhmId":"332"}},{"type":"Feature","geometry":{"type":"Point","coordinates":[23.329301,42.682615]},"properties":{"x":"http://www.wikidata.org/entity/Q141109520","rhm_link":"https://registersofia.bg/?option=com_monuments&view=monument&formdata[id]=432","xLabel":"Данаил Дечев, паметна плоча","rhmId":"432"}},{"type":"Feature","geometry":{"type":"Point","coordinates":[23.343486,42.692805]},"properties":{"x":"http://www.wikidata.org/entity/Q141109522","rhm_link":"https://registersofia.bg/?option=com_monuments&view=monument&formdata[id]=434","xLabel":"Ангел Манолов, паметна плоча","rhmId":"434"}},{"type":"Feature","geometry":{"type":"Point","coordinates":[23.329916,42.697215]},"properties":{"x":"http://www.wikidata.org/entity/Q141109533","rhm_link":"https://registersofia.bg/?option=com_monuments&view=monument&formdata[id]=446","xLabel":"Емилия Георгиева, паметна плоча","rhmId":"446"}},{"type":"Feature","geometry":{"type":"Point","coordinates":[23.325362,42.697954]},"properties":{"x":"http://www.wikidata.org/entity/Q141109542","rhm_link":"https://registersofia.bg/?option=com_monuments&view=monument&formdata[id]=455","xLabel":"Никола Николов, паметна плоча","rhmId":"455"}},{"type":"Feature","geometry":{"type":"Point","coordinates":[23.348758,42.696174]},"properties":{"x":"http://www.wikidata.org/entity/Q141109550","rhm_link":"https://registersofia.bg/?option=com_monuments&view=monument&formdata[id]=466","xLabel":"Димитър Иванов, акад., проф., паметна плоча","rhmId":"466"}},{"type":"Feature","geometry":{"type":"Point","coordinates":[23.349832,42.693816]},"properties":{"x":"http://www.wikidata.org/entity/Q141109551","rhm_link":"https://registersofia.bg/?option=com_monuments&view=monument&formdata[id]=467","xLabel":"Златан Силянов Златанов, паметна плоча","rhmId":"467"}},{"type":"Feature","geometry":{"type":"Point","coordinates":[23.340365,42.693426]},"properties":{"x":"http://www.wikidata.org/entity/Q141109553","rhm_link":"https://registersofia.bg/?option=com_monuments&view=monument&formdata[id]=469","xLabel":"Иван Д. Шишманов, проф. д-р, паметна плоча","rhmId":"469"}},{"type":"Feature","geometry":{"type":"Point","coordinates":[23.339541,42.695065]},"properties":{"x":"http://www.wikidata.org/entity/Q141109557","rhm_link":"https://registersofia.bg/?option=com_monuments&view=monument&formdata[id]=480","xLabel":"Маргарита Дупаринова и Апостол Карамитев, паметна плоча","rhmId":"480"}},{"type":"Feature","geometry":{"type":"Point","coordinates":[23.342475,42.694701]},"properties":{"x":"http://www.wikidata.org/entity/Q141109564","rhm_link":"https://registersofia.bg/?option=com_monuments&view=monument&formdata[id]=487","xLabel":"Стефан Караламбов, паметна плоча","rhmId":"487"}},{"type":"Feature","geometry":{"type":"Point","coordinates":[23.372566,42.68518]},"properties":{"x":"http://www.wikidata.org/entity/Q141109576","rhm_link":"https://registersofia.bg/?option=com_monuments&view=monument&formdata[id]=508","xLabel":"Монументална стенопис (сграфито), 157 ГИЧЕ „Сесар Вайехо”","rhmId":"508"}},{"type":"Feature","geometry":{"type":"Point","coordinates":[23.31584,42.6843847]},"properties":{"x":"http://www.wikidata.org/entity/Q141109585","rhm_link":"https://registersofia.bg/?option=com_monuments&view=monument&formdata[id]=519","xLabel":"На загиналите във Втората световна война, заключителна фаза от район „Триадица” и на кап. Димитър Списаревски. Военен паметник","rhmId":"519"}},{"type":"Feature","geometry":{"type":"Point","coordinates":[23.293691,42.697291]},"properties":{"x":"http://www.wikidata.org/entity/Q141109588","rhm_link":"https://registersofia.bg/?option=com_monuments&view=monument&formdata[id]=522","xLabel":"На загиналите във Втората световна война, заключителна фаза от район „Красна Поляна”. Военен паметник","rhmId":"522"}},{"type":"Feature","geometry":{"type":"Point","coordinates":[23.325225,42.694535]},"properties":{"x":"http://www.wikidata.org/entity/Q141109590","rhm_link":"https://registersofia.bg/?option=com_monuments&view=monument&formdata[id]=524","xLabel":"Григор Вачков, паметник, скулптурен","rhmId":"524"}},{"type":"Feature","geometry":{"type":"Point","coordinates":[23.267074,42.646771]},"properties":{"x":"http://www.wikidata.org/entity/Q141109595","rhm_link":"https://registersofia.bg/?option=com_monuments&view=monument&formdata[id]=530","xLabel":"На загиналите във Втората световна война, заключителна фаза от кв. „Бояна”. Военен паметник","rhmId":"530"}},{"type":"Feature","geometry":{"type":"Point","coordinates":[23.3332833,42.69374]},"properties":{"x":"http://www.wikidata.org/entity/Q141109597","rhm_link":"https://registersofia.bg/?option=com_monuments&view=monument&formdata[id]=532","xLabel":"На загиналите български летци във войните за национално обединение и във Втората световна война, свободностоящ паметен знак. Военен паметник","rhmId":"532"}},{"type":"Feature","geometry":{"type":"Point","coordinates":[23.3040183,42.6848539]},"properties":{"x":"http://www.wikidata.org/entity/Q141109600","rhm_link":"https://registersofia.bg/?option=com_monuments&view=monument&formdata[id]=537","xLabel":"Паметник на загиналите медицински чинове. Военен паметник. Архитектурно-скулптурен ансамбъл","rhmId":"537"}},{"type":"Feature","geometry":{"type":"Point","coordinates":[23.340173,42.685956]},"properties":{"x":"http://www.wikidata.org/entity/Q141109619","rhm_link":"https://registersofia.bg/?option=com_monuments&view=monument&formdata[id]=594","xLabel":"Димчо Дебелянов, статуя, Борисова градина","rhmId":"594"}},{"type":"Feature","geometry":{"type":"Point","coordinates":[23.321509,42.688445]},"properties":{"x":"http://www.wikidata.org/entity/Q141109629","rhm_link":"https://registersofia.bg/?option=com_monuments&view=monument&formdata[id]=610","xLabel":"Фритьоф Нансен, паметник, НДК","rhmId":"610"}},{"type":"Feature","geometry":{"type":"Point","coordinates":[23.4979326,42.5412785]},"properties":{"x":"http://www.wikidata.org/entity/Q141109633","rhm_link":"https://registersofia.bg/?option=com_monuments&view=monument&formdata[id]=615","xLabel":"На загиналите във войните за национално обединение от с. Долни Пасарел. Военен паметник","rhmId":"615"}},{"type":"Feature","geometry":{"type":"Point","coordinates":[23.333165,42.686963]},"properties":{"x":"http://www.wikidata.org/entity/Q141109640","rhm_link":"https://registersofia.bg/?option=com_monuments&view=monument&formdata[id]=630","xLabel":"„Мемориал на загиналите деца в нещастния случай от 2001 г.“, паметник, скулптурен, Борисова градина","rhmId":"630"}},{"type":"Feature","geometry":{"type":"Point","coordinates":[23.388113,42.653246]},"properties":{"x":"http://www.wikidata.org/entity/Q141109642","rhm_link":"https://registersofia.bg/?option=com_monuments&view=monument&formdata[id]=635","xLabel":"Георги Наджаков, акад., бюст-паметник","rhmId":"635"}},{"type":"Feature","geometry":{"type":"Point","coordinates":[23.316241,42.841664]},"properties":{"x":"http://www.wikidata.org/entity/Q141109661","rhm_link":"https://registersofia.bg/?option=com_monuments&view=monument&formdata[id]=678","xLabel":"На загиналите във войните за национално обединение от с. Кътина. Военен паметник","rhmId":"678"}},{"type":"Feature","geometry":{"type":"Point","coordinates":[23.265608,42.645341]},"properties":{"x":"http://www.wikidata.org/entity/Q141109666","rhm_link":"https://registersofia.bg/?option=com_monuments&view=monument&formdata[id]=691","xLabel":"На загиналите във войните за национално обединение от с. Бояна. Военен паметник","rhmId":"691"}},{"type":"Feature","geometry":{"type":"Point","coordinates":[23.333566,42.687161]},"properties":{"x":"http://www.wikidata.org/entity/Q141109700","rhm_link":"https://registersofia.bg/?option=com_monuments&view=monument&formdata[id]=781","xLabel":"Скулптура, абстрактна „Три диска, в памет на Христо Христов\"\", Национален стадион „Васил Левски”, Борисова градина","rhmId":"781"}},{"type":"Feature","geometry":{"type":"Point","coordinates":[23.287052,42.709902]},"properties":{"x":"http://www.wikidata.org/entity/Q141109707","rhm_link":"https://registersofia.bg/?option=com_monuments&view=monument&formdata[id]=790","xLabel":"Марин Дринов, паметна плоча с барелеф, 3 ОУ „Проф. Марин Дринов”","rhmId":"790"}},{"type":"Feature","geometry":{"type":"Point","coordinates":[23.3647603,42.6706894]},"properties":{"x":"http://www.wikidata.org/entity/Q141109709","rhm_link":"https://registersofia.bg/?option=com_monuments&view=monument&formdata[id]=792","xLabel":"Скулптура, абстрактна","rhmId":"792"}},{"type":"Feature","geometry":{"type":"Point","coordinates":[23.3277297,42.6902581]},"properties":{"x":"http://www.wikidata.org/entity/Q141109710","rhm_link":"https://registersofia.bg/?option=com_monuments&view=monument&formdata[id]=794","xLabel":"На загиналите при изпълнение на служебния си дълг полицаи, паметник","rhmId":"794"}},{"type":"Feature","geometry":{"type":"Point","coordinates":[23.369962,42.677956]},"properties":{"x":"http://www.wikidata.org/entity/Q141109777","rhm_link":"https://registersofia.bg/?option=com_monuments&view=monument&formdata[id]=902","xLabel":"Свободно-стояща паметна плоча, ФНОИ, СУ „Св. Климент Охридски”","rhmId":"902"}},{"type":"Feature","geometry":{"type":"Point","coordinates":[23.3139461,42.6899275]},"properties":{"x":"http://www.wikidata.org/entity/Q141109823","rhm_link":"https://registersofia.bg/?option=com_monuments&view=monument&formdata[id]=1020","xLabel":"Никола Генев, ген., паметна плоча. Военен паметник","rhmId":"1020"}},{"type":"Feature","geometry":{"type":"Point","coordinates":[23.464877,42.662407]},"properties":{"x":"http://www.wikidata.org/entity/Q141109833","rhm_link":"https://registersofia.bg/?option=com_monuments&view=monument&formdata[id]=1035","xLabel":"„Посрещане на съветската войска в Казичене“","rhmId":"1035"}},{"type":"Feature","geometry":{"type":"Point","coordinates":[23.3456233,42.6440707]},"properties":{"x":"http://www.wikidata.org/entity/Q141109843","rhm_link":"https://registersofia.bg/?option=com_monuments&view=monument&formdata[id]=1060","xLabel":"Скулптурна фигура „Дискохвъргач“, НСА","rhmId":"1060"}},{"type":"Feature","geometry":{"type":"Point","coordinates":[23.2943148,42.6829761]},"properties":{"x":"http://www.wikidata.org/entity/Q141109863","rhm_link":"https://registersofia.bg/?option=com_monuments&view=monument&formdata[id]=1090","xLabel":"Скулптурна група „Семейство\"\", ОКИ „Красно село”","rhmId":"1090"}},{"type":"Feature","geometry":{"type":"Point","coordinates":[23.3299801,42.6888265]},"properties":{"x":"http://www.wikidata.org/entity/Q141109910","rhm_link":"https://registersofia.bg/?option=com_monuments&view=monument&formdata[id]=1208","xLabel":"Блага Димитрова, паметна плоча","rhmId":"1208"}},{"type":"Feature","geometry":{"type":"Point","coordinates":[23.365098,42.687009]},"properties":{"x":"http://www.wikidata.org/entity/Q141109924","rhm_link":"https://registersofia.bg/?option=com_monuments&view=monument&formdata[id]=1228","xLabel":"Георги Аспарухов – Гунди, паметник, скулптурен","rhmId":"1228"}},{"type":"Feature","geometry":{"type":"Point","coordinates":[23.3404186,42.69321]},"properties":{"x":"http://www.wikidata.org/entity/Q141109938","rhm_link":"https://registersofia.bg/?option=com_monuments&view=monument&formdata[id]=138","xLabel":"„От урва на урва и от век на век“, паметник, скулптурен","rhmId":"138"}},{"type":"Feature","geometry":{"type":"Point","coordinates":[23.3195917,42.6903679]},"properties":{"x":"http://www.wikidata.org/entity/Q141109950","rhm_link":"https://registersofia.bg/?option=com_monuments&view=monument&formdata[id]=158","xLabel":"Иван Буреш, паметна плоча","rhmId":"158"}},{"type":"Feature","geometry":{"type":"Point","coordinates":[23.3215758,42.69243]},"properties":{"x":"http://www.wikidata.org/entity/Q141109951","rhm_link":"https://registersofia.bg/?option=com_monuments&view=monument&formdata[id]=159","xLabel":"Иван Саръилиев, паметна плоча","rhmId":"159"}},{"type":"Feature","geometry":{"type":"Point","coordinates":[23.3224646,42.6929492]},"properties":{"x":"http://www.wikidata.org/entity/Q141109957","rhm_link":"https://registersofia.bg/?option=com_monuments&view=monument&formdata[id]=168","xLabel":"Цветан Радославов, паметна плоча с орелеф","rhmId":"168"}},{"type":"Feature","geometry":{"type":"Point","coordinates":[23.325027,42.687452]},"properties":{"x":"http://www.wikidata.org/entity/Q141109965","rhm_link":"https://registersofia.bg/?option=com_monuments&view=monument&formdata[id]=179","xLabel":"Венелин Ганев, паметна плоча","rhmId":"179"}},{"type":"Feature","geometry":{"type":"Point","coordinates":[23.3328183,42.6819537]},"properties":{"x":"http://www.wikidata.org/entity/Q141109970","rhm_link":"https://registersofia.bg/?option=com_monuments&view=monument&formdata[id]=184","xLabel":"Александър Иванов Радославов, паметна плоча","rhmId":"184"}},{"type":"Feature","geometry":{"type":"Point","coordinates":[23.322745,42.685983]},"properties":{"x":"http://www.wikidata.org/entity/Q141110018","rhm_link":"https://registersofia.bg/?option=com_monuments&view=monument&formdata[id]=271","xLabel":"Кирил Мирчев, чл.-кор., проф., паметна плоча","rhmId":"271"}},{"type":"Feature","geometry":{"type":"Point","coordinates":[23.327828,42.687638]},"properties":{"x":"http://www.wikidata.org/entity/Q141110021","rhm_link":"https://registersofia.bg/?option=com_monuments&view=monument&formdata[id]=277","xLabel":"Коста Пергелов, проф., паметна плоча","rhmId":"277"}},{"type":"Feature","geometry":{"type":"Point","coordinates":[23.33744,42.6909496]},"properties":{"x":"http://www.wikidata.org/entity/Q141110039","rhm_link":"https://registersofia.bg/?option=com_monuments&view=monument&formdata[id]=347","xLabel":"Райко Алексиев, паметна плоча с барелеф","rhmId":"347"}},{"type":"Feature","geometry":{"type":"Point","coordinates":[23.32185,42.68938]},"properties":{"x":"http://www.wikidata.org/entity/Q141110043","rhm_link":"https://registersofia.bg/?option=com_monuments&view=monument&formdata[id]=355","xLabel":"Никола Вапцаров, паметна плоча с орелеф","rhmId":"355"}},{"type":"Feature","geometry":{"type":"Point","coordinates":[23.3205983,42.6899146]},"properties":{"x":"http://www.wikidata.org/entity/Q141110045","rhm_link":"https://registersofia.bg/?option=com_monuments&view=monument&formdata[id]=357","xLabel":"Мария Трендафилова, проф., паметна плоча","rhmId":"357"}},{"type":"Feature","geometry":{"type":"Point","coordinates":[23.325129,42.690094]},"properties":{"x":"http://www.wikidata.org/entity/Q141110051","rhm_link":"https://registersofia.bg/?option=com_monuments&view=monument&formdata[id]=363","xLabel":"„Посолство на Украйна“, паметна плоча","rhmId":"363"}},{"type":"Feature","geometry":{"type":"Point","coordinates":[23.336745,42.693447]},"properties":{"x":"http://www.wikidata.org/entity/Q141110053","rhm_link":"https://registersofia.bg/?option=com_monuments&view=monument&formdata[id]=366","xLabel":"Стефан Паприков, ген-лейт., паметна плоча","rhmId":"366"}},{"type":"Feature","geometry":{"type":"Point","coordinates":[23.317586,42.692942]},"properties":{"x":"http://www.wikidata.org/entity/Q141110060","rhm_link":"https://registersofia.bg/?option=com_monuments&view=monument&formdata[id]=374","xLabel":"Асен Найденов, паметна плоча","rhmId":"374"}},{"type":"Feature","geometry":{"type":"Point","coordinates":[23.318452,42.689724]},"properties":{"x":"http://www.wikidata.org/entity/Q141110064","rhm_link":"https://registersofia.bg/?option=com_monuments&view=monument&formdata[id]=378","xLabel":"Григор Чешмеджиев, паметна плоча","rhmId":"378"}},{"type":"Feature","geometry":{"type":"Point","coordinates":[23.316502,42.692536]},"properties":{"x":"http://www.wikidata.org/entity/Q141110086","rhm_link":"https://registersofia.bg/?option=com_monuments&view=monument&formdata[id]=765","xLabel":"Фасадна скулптура, Свети Патриарх Евтимий, 41 ОУ „Патриарх Евтимий”","rhmId":"765"}},{"type":"Feature","geometry":{"type":"Point","coordinates":[23.334087,42.659965]},"properties":{"x":"http://www.wikidata.org/entity/Q141110087","rhm_link":"https://registersofia.bg/?option=com_monuments&view=monument&formdata[id]=766","xLabel":"Пано, Зоологическа градина","rhmId":"766"}},{"type":"Feature","geometry":{"type":"Point","coordinates":[23.388773,42.652626]},"properties":{"x":"http://www.wikidata.org/entity/Q141110095","rhm_link":"https://registersofia.bg/?option=com_monuments&view=monument&formdata[id]=774","xLabel":"Христо Христов, акад., паметна плоча, „Институт за ядрени изследвания и ядрена енергетика”","rhmId":"774"}},{"type":"Feature","geometry":{"type":"Point","coordinates":[23.3182911,42.6973471]},"properties":{"x":"http://www.wikidata.org/entity/Q141110146","rhm_link":"https://registersofia.bg/?option=com_monuments&view=monument&formdata[id]=975","xLabel":"Йордан Соколов, паметна плоча","rhmId":"975"}},{"type":"Feature","geometry":{"type":"Point","coordinates":[23.3165,42.6894047]},"properties":{"x":"http://www.wikidata.org/entity/Q141110164","rhm_link":"https://registersofia.bg/?option=com_monuments&view=monument&formdata[id]=1174","xLabel":"Димитър Йосифов Пешев, бюст-паметник","rhmId":"1174"}},{"type":"Feature","geometry":{"type":"Point","coordinates":[23.314463,42.690739]},"properties":{"x":"http://www.wikidata.org/entity/Q141110290","rhm_link":"https://registersofia.bg/?option=com_monuments&view=monument&formdata[id]=380","xLabel":"Димитър Подвързачов, Димчо Дебелянов, Йордан Йовков, Николай Лилиев, паметна плоча","rhmId":"380"}},{"type":"Feature","geometry":{"type":"Point","coordinates":[23.315948,42.695661]},"properties":{"x":"http://www.wikidata.org/entity/Q141110293","rhm_link":"https://registersofia.bg/?option=com_monuments&view=monument&formdata[id]=382","xLabel":"Желязко Христов, проф., д-р., паметна плоча","rhmId":"382"}},{"type":"Feature","geometry":{"type":"Point","coordinates":[23.315597,42.687194]},"properties":{"x":"http://www.wikidata.org/entity/Q141110300","rhm_link":"https://registersofia.bg/?option=com_monuments&view=monument&formdata[id]=388","xLabel":"Марин Големинов, паметна плоча","rhmId":"388"}},{"type":"Feature","geometry":{"type":"Point","coordinates":[23.287125,42.683755]},"properties":{"x":"http://www.wikidata.org/entity/Q141110350","rhm_link":"https://registersofia.bg/?option=com_monuments&view=monument&formdata[id]=496","xLabel":"Монументална стенопис (сграфито), „Балкантон“","rhmId":"496"}},{"type":"Feature","geometry":{"type":"Point","coordinates":[23.131004,42.7197056]},"properties":{"x":"http://www.wikidata.org/entity/Q141110363","rhm_link":"https://registersofia.bg/?option=com_monuments&view=monument&formdata[id]=552","xLabel":"На загиналите във войните за национално обединение, във Втората световна война, заключителна фаза и др. от кв. „Вердикал”, гр. Банкя. Военен паметник","rhmId":"552"}},{"type":"Feature","geometry":{"type":"Point","coordinates":[23.4083946,42.6284385]},"properties":{"x":"http://www.wikidata.org/entity/Q141110370","rhm_link":"https://registersofia.bg/?option=com_monuments&view=monument&formdata[id]=564","xLabel":"Васил Левски, бюст-паметник","rhmId":"564"}},{"type":"Feature","geometry":{"type":"Point","coordinates":[23.3178395,42.6787725]},"properties":{"x":"http://www.wikidata.org/entity/Q141110379","rhm_link":"https://registersofia.bg/?option=com_monuments&view=monument&formdata[id]=577","xLabel":"БЧК, дарителски надпис","rhmId":"577"}},{"type":"Feature","geometry":{"type":"Point","coordinates":[23.3597927,42.6518231]},"properties":{"x":"http://www.wikidata.org/entity/Q141110380","rhm_link":"https://registersofia.bg/?option=com_monuments&view=monument&formdata[id]=578","xLabel":"Димитър Грънчаров, паметник, лобно място","rhmId":"578"}},{"type":"Feature","geometry":{"type":"Point","coordinates":[23.338244,42.689087]},"properties":{"x":"http://www.wikidata.org/entity/Q141110386","rhm_link":"https://registersofia.bg/?option=com_monuments&view=monument&formdata[id]=643","xLabel":"Захарий Стоянов, бюст-паметник, Борисова градина","rhmId":"643"}},{"type":"Feature","geometry":{"type":"Point","coordinates":[23.3296699,42.6944443]},"properties":{"x":"http://www.wikidata.org/entity/Q141110399","rhm_link":"https://registersofia.bg/?option=com_monuments&view=monument&formdata[id]=953","xLabel":"Чешма със скулптурна фигура - момче с кратунка, градина „Кристал”","rhmId":"953"}},{"type":"Feature","geometry":{"type":"Point","coordinates":[23.156281,42.710878]},"properties":{"x":"http://www.wikidata.org/entity/Q141110404","rhm_link":"https://registersofia.bg/?option=com_monuments&view=monument&formdata[id]=1056","xLabel":"„Паметник на съветски войни“, гр. Банкя","rhmId":"1056"}},{"type":"Feature","geometry":{"type":"Point","coordinates":[23.3515127,42.7068942]},"properties":{"x":"http://www.wikidata.org/entity/Q141110434","rhm_link":"https://registersofia.bg/?option=com_monuments&view=monument&formdata[id]=1119","xLabel":"„Момиче с тебешир (Мечта)”, монументалната стенопис","rhmId":"1119"}},{"type":"Feature","geometry":{"type":"Point","coordinates":[23.356805,42.676401]},"properties":{"x":"http://www.wikidata.org/entity/Q141110511","rhm_link":"https://registersofia.bg/?option=com_monuments&view=monument&formdata[id]=734","xLabel":"Радой Ралин, паметна плоча","rhmId":"734"}},{"type":"Feature","geometry":{"type":"Point","coordinates":[23.3460261,42.6965917]},"properties":{"x":"http://www.wikidata.org/entity/Q141110517","rhm_link":"https://registersofia.bg/?option=com_monuments&view=monument&formdata[id]=738","xLabel":"Скулптура - арка, парк „Заимов”","rhmId":"738"}},{"type":"Feature","geometry":{"type":"Point","coordinates":[23.3345457,42.6882324]},"properties":{"x":"http://www.wikidata.org/entity/Q141110547","rhm_link":"https://registersofia.bg/?option=com_monuments&view=monument&formdata[id]=922","xLabel":"„МОК” – „Волейбол-мъже”, 1957 г., Национален стадион „Васил Левски”, паметна плоча","rhmId":"922"}},{"type":"Feature","geometry":{"type":"Point","coordinates":[23.2699149,42.6773988]},"properties":{"x":"http://www.wikidata.org/entity/Q141110563","rhm_link":"https://registersofia.bg/?option=com_monuments&view=monument&formdata[id]=943","xLabel":"Чешма, парк „Овча купел”","rhmId":"943"}},{"type":"Feature","geometry":{"type":"Point","coordinates":[23.403173,42.80303]},"properties":{"x":"http://www.wikidata.org/entity/Q141114879","rhm_link":"https://registersofia.bg/?option=com_monuments&view=monument&formdata[id]=1039","xLabel":"Скулптурна фигура, архитектурно-скулптурен ансамбъл, село Подгумер","rhmId":"1039"}},{"type":"Feature","geometry":{"type":"Point","coordinates":[23.34184,42.68614]},"properties":{"x":"http://www.wikidata.org/entity/Q92614679","rhm_link":"https://registersofia.bg/?option=com_monuments&view=monument&formdata[id]=426","xLabel":"Бюст-паметник на Петко Р. Славейков","rhmId":"426"}},{"type":"Feature","geometry":{"type":"Point","coordinates":[23.33532,42.6949]},"properties":{"x":"http://www.wikidata.org/entity/Q125205084","rhm_link":"https://registersofia.bg/?option=com_monuments&view=monument&formdata[id]=116","xLabel":"Паметник на св. св. Кирил и Методий","rhmId":"116"}},{"type":"Feature","geometry":{"type":"Point","coordinates":[23.2434646,42.7173348]},"properties":{"x":"http://www.wikidata.org/entity/Q141109339","rhm_link":"https://registersofia.bg/?option=com_monuments&view=monument&formdata[id]=24","xLabel":"Пано, 96 СОУ „Л.Н.Толстой“, фасада 1","rhmId":"24"}},{"type":"Feature","geometry":{"type":"Point","coordinates":[23.3320991,42.6952353]},"properties":{"x":"http://www.wikidata.org/entity/Q141109351","rhm_link":"https://registersofia.bg/?option=com_monuments&view=monument&formdata[id]=36","xLabel":"Борис Христов, бюст-паметник","rhmId":"36"}},{"type":"Feature","geometry":{"type":"Point","coordinates":[23.3548254,42.6744997]},"properties":{"x":"http://www.wikidata.org/entity/Q141109357","rhm_link":"https://registersofia.bg/?option=com_monuments&view=monument&formdata[id]=44","xLabel":"Монументална стенопис (сграфито), 119 СОУ „Акад. Васил Арнаудов“, допълнителна сграда","rhmId":"44"}},{"type":"Feature","geometry":{"type":"Point","coordinates":[23.3767226,42.6319879]},"properties":{"x":"http://www.wikidata.org/entity/Q141109372","rhm_link":"https://registersofia.bg/?option=com_monuments&view=monument&formdata[id]=62","xLabel":"Пано, ОДЗ №188 „Вяра, надежда, любов“","rhmId":"62"}},{"type":"Feature","geometry":{"type":"Point","coordinates":[23.404543,42.673917]},"properties":{"x":"http://www.wikidata.org/entity/Q141109388","rhm_link":"https://registersofia.bg/?option=com_monuments&view=monument&formdata[id]=82","xLabel":"Неделчо Бончев, поручик, паметна плоча с барелеф. Военен паметник","rhmId":"82"}},{"type":"Feature","geometry":{"type":"Point","coordinates":[23.330662,42.696302]},"properties":{"x":"http://www.wikidata.org/entity/Q141109411","rhm_link":"https://registersofia.bg/?option=com_monuments&view=monument&formdata[id]=117","xLabel":"Цар Самуил, паметник, скулптурен","rhmId":"117"}},{"type":"Feature","geometry":{"type":"Point","coordinates":[23.145569,42.707172]},"properties":{"x":"http://www.wikidata.org/entity/Q141109413","rhm_link":"https://registersofia.bg/?option=com_monuments&view=monument&formdata[id]=119","xLabel":"На загиналите във войните за национално обединение и във Втората световна война, заключителна фаза от с. Банкя. Военен паметник","rhmId":"119"}},{"type":"Feature","geometry":{"type":"Point","coordinates":[23.314363,42.702483]},"properties":{"x":"http://www.wikidata.org/entity/Q141109437","rhm_link":"https://registersofia.bg/?option=com_monuments&view=monument&formdata[id]=234","xLabel":"Николай Софийски, Св. Мученик, паметна плоча","rhmId":"234"}},{"type":"Feature","geometry":{"type":"Point","coordinates":[23.320337,42.697033]},"properties":{"x":"http://www.wikidata.org/entity/Q141109440","rhm_link":"https://registersofia.bg/?option=com_monuments&view=monument&formdata[id]=237","xLabel":"Александър Стамболийски, орелеф","rhmId":"237"}},{"type":"Feature","geometry":{"type":"Point","coordinates":[23.325209,42.689574]},"properties":{"x":"http://www.wikidata.org/entity/Q141109447","rhm_link":"https://registersofia.bg/?option=com_monuments&view=monument&formdata[id]=246","xLabel":"Владимир Трендафилов, паметна плоча","rhmId":"246"}},{"type":"Feature","geometry":{"type":"Point","coordinates":[23.325599,42.68501]},"properties":{"x":"http://www.wikidata.org/entity/Q141109460","rhm_link":"https://registersofia.bg/?option=com_monuments&view=monument&formdata[id]=263","xLabel":"Иван Иванов, инж., кмет на София, паметна плоча","rhmId":"263"}},{"type":"Feature","geometry":{"type":"Point","coordinates":[23.325043,42.689087]},"properties":{"x":"http://www.wikidata.org/entity/Q141109476","rhm_link":"https://registersofia.bg/?option=com_monuments&view=monument&formdata[id]=299","xLabel":"Любомир Кръстанов акад., паметна плоча","rhmId":"299"}},{"type":"Feature","geometry":{"type":"Point","coordinates":[23.324976,42.689095]},"properties":{"x":"http://www.wikidata.org/entity/Q141109480","rhm_link":"https://registersofia.bg/?option=com_monuments&view=monument&formdata[id]=308","xLabel":"Никола Тодоров, паметна плоча. Военен паметник","rhmId":"308"}},{"type":"Feature","geometry":{"type":"Point","coordinates":[23.321674,42.691335]},"properties":{"x":"http://www.wikidata.org/entity/Q141109481","rhm_link":"https://registersofia.bg/?option=com_monuments&view=monument&formdata[id]=309","xLabel":"Николай Стоянов, акад., паметна плоча","rhmId":"309"}},{"type":"Feature","geometry":{"type":"Point","coordinates":[23.3284462,42.6944928]},"properties":{"x":"http://www.wikidata.org/entity/Q141109488","rhm_link":"https://registersofia.bg/?option=com_monuments&view=monument&formdata[id]=315","xLabel":"Петър Стойков Кантарджиев, паметна плоча","rhmId":"315"}},{"type":"Feature","geometry":{"type":"Point","coordinates":[23.337924,42.69375]},"properties":{"x":"http://www.wikidata.org/entity/Q141109493","rhm_link":"https://registersofia.bg/?option=com_monuments&view=monument&formdata[id]=321","xLabel":"Борис Денев и Славка Денева, паметна плоча","rhmId":"321"}},{"type":"Feature","geometry":{"type":"Point","coordinates":[23.333324,42.692496]},"properties":{"x":"http://www.wikidata.org/entity/Q141109495","rhm_link":"https://registersofia.bg/?option=com_monuments&view=monument&formdata[id]=324","xLabel":"Стефан Македонски, паметна плоча","rhmId":"324"}},{"type":"Feature","geometry":{"type":"Point","coordinates":[23.325053,42.688564]},"properties":{"x":"http://www.wikidata.org/entity/Q141109496","rhm_link":"https://registersofia.bg/?option=com_monuments&view=monument&formdata[id]=325","xLabel":"Стефан Младенов акад. проф. д-р., паметна плоча","rhmId":"325"}},{"type":"Feature","geometry":{"type":"Point","coordinates":[23.323192,42.689793]},"properties":{"x":"http://www.wikidata.org/entity/Q141109500","rhm_link":"https://registersofia.bg/?option=com_monuments&view=monument&formdata[id]=329","xLabel":"Стилиян Ковачев, ген., паметна плоча. Военен паметник","rhmId":"329"}},{"type":"Feature","geometry":{"type":"Point","coordinates":[23.33545,42.692625]},"properties":{"x":"http://www.wikidata.org/entity/Q141109502","rhm_link":"https://registersofia.bg/?option=com_monuments&view=monument&formdata[id]=331","xLabel":"Стоян Брашованов, проф. д-р., паметна плоча","rhmId":"331"}},{"type":"Feature","geometry":{"type":"Point","coordinates":[23.3688754,42.6697195]},"properties":{"x":"http://www.wikidata.org/entity/Q141109517","rhm_link":"https://registersofia.bg/?option=com_monuments&view=monument&formdata[id]=427","xLabel":"На Българската авиация. Военен паметник. Архитектурно-скулптурен ансамбъл","rhmId":"427"}},{"type":"Feature","geometry":{"type":"Point","coordinates":[23.331851,42.698531]},"properties":{"x":"http://www.wikidata.org/entity/Q141109539","rhm_link":"https://registersofia.bg/?option=com_monuments&view=monument&formdata[id]=452","xLabel":"Михайло Парашчук, проф., паметна плоча","rhmId":"452"}},{"type":"Feature","geometry":{"type":"Point","coordinates":[23.333183,42.697636]},"properties":{"x":"http://www.wikidata.org/entity/Q141109545","rhm_link":"https://registersofia.bg/?option=com_monuments&view=monument&formdata[id]=459","xLabel":"Спас Дупаринов, паметна плоча","rhmId":"459"}},{"type":"Feature","geometry":{"type":"Point","coordinates":[23.2425988,42.6590463]},"properties":{"x":"http://www.wikidata.org/entity/Q141109592","rhm_link":"https://registersofia.bg/?option=com_monuments&view=monument&formdata[id]=526","xLabel":"На загиналите във войните за национално обединение от с. Княжево. Военен паметник","rhmId":"526"}},{"type":"Feature","geometry":{"type":"Point","coordinates":[23.272142,42.721867]},"properties":{"x":"http://www.wikidata.org/entity/Q141109594","rhm_link":"https://registersofia.bg/?option=com_monuments&view=monument&formdata[id]=529","xLabel":"На загиналите във Втората световна война, заключителна фаза от кв. „Модерно предградие”. Военен паметник","rhmId":"529"}},{"type":"Feature","geometry":{"type":"Point","coordinates":[23.3201475,42.6862541]},"properties":{"x":"http://www.wikidata.org/entity/Q141109608","rhm_link":"https://registersofia.bg/?option=com_monuments&view=monument&formdata[id]=573","xLabel":"Скулптура „За Буквите“, НДК","rhmId":"573"}},{"type":"Feature","geometry":{"type":"Point","coordinates":[23.3269693,42.6900124]},"properties":{"x":"http://www.wikidata.org/entity/Q141109612","rhm_link":"https://registersofia.bg/?option=com_monuments&view=monument&formdata[id]=580","xLabel":"Г. М. Димитров, д-р, бюст-паметник","rhmId":"580"}},{"type":"Feature","geometry":{"type":"Point","coordinates":[23.340689,42.685306]},"properties":{"x":"http://www.wikidata.org/entity/Q141109636","rhm_link":"https://registersofia.bg/?option=com_monuments&view=monument&formdata[id]=618","xLabel":"Елин Пелин, бюст-паметник, Борисова градина","rhmId":"618"}},{"type":"Feature","geometry":{"type":"Point","coordinates":[23.352799,42.694083]},"properties":{"x":"http://www.wikidata.org/entity/Q141109675","rhm_link":"https://registersofia.bg/?option=com_monuments&view=monument&formdata[id]=701","xLabel":"Горан Готев, паметна плоча с барелеф","rhmId":"701"}},{"type":"Feature","geometry":{"type":"Point","coordinates":[23.349656,42.692567]},"properties":{"x":"http://www.wikidata.org/entity/Q141109677","rhm_link":"https://registersofia.bg/?option=com_monuments&view=monument&formdata[id]=703","xLabel":"Георги Дамянов Йотов, паметна плоча с барелеф","rhmId":"703"}},{"type":"Feature","geometry":{"type":"Point","coordinates":[23.3292647,42.6922061]},"properties":{"x":"http://www.wikidata.org/entity/Q141109691","rhm_link":"https://registersofia.bg/?option=com_monuments&view=monument&formdata[id]=720","xLabel":"Монументална стенопис","rhmId":"720"}},{"type":"Feature","geometry":{"type":"Point","coordinates":[23.3575815,42.6753527]},"properties":{"x":"http://www.wikidata.org/entity/Q141109697","rhm_link":"https://registersofia.bg/?option=com_monuments&view=monument&formdata[id]=759","xLabel":"Николай Хайтов, паметна плоча с барелеф","rhmId":"759"}},{"type":"Feature","geometry":{"type":"Point","coordinates":[23.3309958,42.6823553]},"properties":{"x":"http://www.wikidata.org/entity/Q141109737","rhm_link":"https://registersofia.bg/?option=com_monuments&view=monument&formdata[id]=832","xLabel":"Пано","rhmId":"832"}},{"type":"Feature","geometry":{"type":"Point","coordinates":[23.345313,42.685701]},"properties":{"x":"http://www.wikidata.org/entity/Q141109761","rhm_link":"https://registersofia.bg/?option=com_monuments&view=monument&formdata[id]=879","xLabel":"БТА, Евгени Зидаров, арх., паметна плоча, строителен надпис","rhmId":"879"}},{"type":"Feature","geometry":{"type":"Point","coordinates":[23.5604937,42.7305945]},"properties":{"x":"http://www.wikidata.org/entity/Q141109764","rhm_link":"https://registersofia.bg/?option=com_monuments&view=monument&formdata[id]=884","xLabel":"Николай Веляминов, ген.-лейтенант, паметна плоча. Паметник на Освободителната война","rhmId":"884"}},{"type":"Feature","geometry":{"type":"Point","coordinates":[23.312499,42.712563]},"properties":{"x":"http://www.wikidata.org/entity/Q141109766","rhm_link":"https://registersofia.bg/?option=com_monuments&view=monument&formdata[id]=886","xLabel":"Николай Столетов, ген., паметна плоча с барелеф. Паметник на Освободителната война","rhmId":"886"}},{"type":"Feature","geometry":{"type":"Point","coordinates":[23.3394017,42.6864171]},"properties":{"x":"http://www.wikidata.org/entity/Q141109769","rhm_link":"https://registersofia.bg/?option=com_monuments&view=monument&formdata[id]=892","xLabel":"Панчо Владигеров, бюст-паметник, Борисова градина","rhmId":"892"}},{"type":"Feature","geometry":{"type":"Point","coordinates":[23.298702,42.580492]},"properties":{"x":"http://www.wikidata.org/entity/Q141109772","rhm_link":"https://registersofia.bg/?option=com_monuments&view=monument&formdata[id]=895","xLabel":"Иван Башев, паметник, лобно място, Природен парк „Витоша”","rhmId":"895"}},{"type":"Feature","geometry":{"type":"Point","coordinates":[23.3344994,42.688122]},"properties":{"x":"http://www.wikidata.org/entity/Q141109787","rhm_link":"https://registersofia.bg/?option=com_monuments&view=monument&formdata[id]=944","xLabel":"„17 май – Ден на българския спорт”, Даниел Бланшу, Жорж Де Режибюс, Алоис Бюнтер, Емил Кюпфер, Жак Фардел, Шарл Дюванел, Луи Айер, Виктор Роберти, Шарл Шампо, Август Векер, Нац. стадион „Васил Левски\"\"","rhmId":"944"}},{"type":"Feature","geometry":{"type":"Point","coordinates":[23.4468095,42.7944794]},"properties":{"x":"http://www.wikidata.org/entity/Q141109807","rhm_link":"https://registersofia.bg/?option=com_monuments&view=monument&formdata[id]=997","xLabel":"Дончо Костов, акад., паметник","rhmId":"997"}},{"type":"Feature","geometry":{"type":"Point","coordinates":[23.3314729,42.685825]},"properties":{"x":"http://www.wikidata.org/entity/Q141109814","rhm_link":"https://registersofia.bg/?option=com_monuments&view=monument&formdata[id]=1006","xLabel":"Драган Цанков, паметна плоча, СГСАГ „Христо Ботев“","rhmId":"1006"}},{"type":"Feature","geometry":{"type":"Point","coordinates":[23.331182,42.683702]},"properties":{"x":"http://www.wikidata.org/entity/Q141109820","rhm_link":"https://registersofia.bg/?option=com_monuments&view=monument&formdata[id]=1015","xLabel":"Релефи, фасадни, УАСГ","rhmId":"1015"}},{"type":"Feature","geometry":{"type":"Point","coordinates":[23.3131498,42.69239]},"properties":{"x":"http://www.wikidata.org/entity/Q141109822","rhm_link":"https://registersofia.bg/?option=com_monuments&view=monument&formdata[id]=1019","xLabel":"Любомир Минчев Банковски, офицер, о.з. капитан, паметна плоча. Военен паметник","rhmId":"1019"}},{"type":"Feature","geometry":{"type":"Point","coordinates":[23.3303907,42.6883473]},"properties":{"x":"http://www.wikidata.org/entity/Q141109836","rhm_link":"https://registersofia.bg/?option=com_monuments&view=monument&formdata[id]=1050","xLabel":"Росица Баталова, паметна плоча","rhmId":"1050"}},{"type":"Feature","geometry":{"type":"Point","coordinates":[23.3315483,42.6958637]},"properties":{"x":"http://www.wikidata.org/entity/Q141109848","rhm_link":"https://registersofia.bg/?option=com_monuments&view=monument&formdata[id]=1068","xLabel":"„Вишни, дар от Япония на София”, свободностоящ паметен знак","rhmId":"1068"}},{"type":"Feature","geometry":{"type":"Point","coordinates":[23.3246435,42.6978134]},"properties":{"x":"http://www.wikidata.org/entity/Q141109862","rhm_link":"https://registersofia.bg/?option=com_monuments&view=monument&formdata[id]=1089","xLabel":"Фасадна скулптура – Застрахователно дружество „Български феникс”","rhmId":"1089"}},{"type":"Feature","geometry":{"type":"Point","coordinates":[23.3810151,42.6795939]},"properties":{"x":"http://www.wikidata.org/entity/Q141109900","rhm_link":"https://registersofia.bg/?option=com_monuments&view=monument&formdata[id]=1190","xLabel":"Тодоро Каблешков, паметник, ВТУ „Тодор Каблешков”","rhmId":"1190"}},{"type":"Feature","geometry":{"type":"Point","coordinates":[23.4161828,42.6885745]},"properties":{"x":"http://www.wikidata.org/entity/Q141109918","rhm_link":"https://registersofia.bg/?option=com_monuments&view=monument&formdata[id]=1219","xLabel":"Скулптурна група „Орфей“ - интериор, Метростанция „Летище София“","rhmId":"1219"}},{"type":"Feature","geometry":{"type":"Point","coordinates":[23.3309192,42.6890433]},"properties":{"x":"http://www.wikidata.org/entity/Q141109943","rhm_link":"https://registersofia.bg/?option=com_monuments&view=monument&formdata[id]=147","xLabel":"Андрей Германов, паметна плоча","rhmId":"147"}},{"type":"Feature","geometry":{"type":"Point","coordinates":[23.3306544,42.6951061]},"properties":{"x":"http://www.wikidata.org/entity/Q141109946","rhm_link":"https://registersofia.bg/?option=com_monuments&view=monument&formdata[id]=151","xLabel":"Васил Левски, свободностоящ паметен знак","rhmId":"151"}},{"type":"Feature","geometry":{"type":"Point","coordinates":[23.3195917,42.6903679]},"properties":{"x":"http://www.wikidata.org/entity/Q141109955","rhm_link":"https://registersofia.bg/?option=com_monuments&view=monument&formdata[id]=165","xLabel":"Надежда Дженева, паметна плоча","rhmId":"165"}},{"type":"Feature","geometry":{"type":"Point","coordinates":[23.3364085,42.6922151]},"properties":{"x":"http://www.wikidata.org/entity/Q141109961","rhm_link":"https://registersofia.bg/?option=com_monuments&view=monument&formdata[id]=175","xLabel":"Андрей Ляпчев, паметна плоча","rhmId":"175"}},{"type":"Feature","geometry":{"type":"Point","coordinates":[23.3244776,42.6898586]},"properties":{"x":"http://www.wikidata.org/entity/Q141109963","rhm_link":"https://registersofia.bg/?option=com_monuments&view=monument&formdata[id]=177","xLabel":"Васил Стефанов, паметна плоча","rhmId":"177"}},{"type":"Feature","geometry":{"type":"Point","coordinates":[23.328916,42.682662]},"properties":{"x":"http://www.wikidata.org/entity/Q141109982","rhm_link":"https://registersofia.bg/?option=com_monuments&view=monument&formdata[id]=196","xLabel":"Живко Сталев, паметна плоча","rhmId":"196"}},{"type":"Feature","geometry":{"type":"Point","coordinates":[23.330031,42.679259]},"properties":{"x":"http://www.wikidata.org/entity/Q141109991","rhm_link":"https://registersofia.bg/?option=com_monuments&view=monument&formdata[id]=203","xLabel":"Никола Иванов и арх. Мария Иванова, паметна плоча","rhmId":"203"}},{"type":"Feature","geometry":{"type":"Point","coordinates":[23.333108,42.680682]},"properties":{"x":"http://www.wikidata.org/entity/Q141109999","rhm_link":"https://registersofia.bg/?option=com_monuments&view=monument&formdata[id]=209","xLabel":"Сирак Скитник, паметна плоча","rhmId":"209"}},{"type":"Feature","geometry":{"type":"Point","coordinates":[23.328066,42.686032]},"properties":{"x":"http://www.wikidata.org/entity/Q141110016","rhm_link":"https://registersofia.bg/?option=com_monuments&view=monument&formdata[id]=269","xLabel":"Катя Зехирева, проф., паметна плоча","rhmId":"269"}},{"type":"Feature","geometry":{"type":"Point","coordinates":[23.328862,42.693241]},"properties":{"x":"http://www.wikidata.org/entity/Q141110023","rhm_link":"https://registersofia.bg/?option=com_monuments&view=monument&formdata[id]=291","xLabel":"Георги Овчаров, арх., паметна плоча, строителен надпис","rhmId":"291"}},{"type":"Feature","geometry":{"type":"Point","coordinates":[23.3384069,42.6905827]},"properties":{"x":"http://www.wikidata.org/entity/Q141110025","rhm_link":"https://registersofia.bg/?option=com_monuments&view=monument&formdata[id]=294","xLabel":"Денчо Марчевски, паметна плоча","rhmId":"294"}},{"type":"Feature","geometry":{"type":"Point","coordinates":[23.3383935,42.6906116]},"properties":{"x":"http://www.wikidata.org/entity/Q141110027","rhm_link":"https://registersofia.bg/?option=com_monuments&view=monument&formdata[id]=296","xLabel":"Здравко Дафинов, паметна плоча","rhmId":"296"}},{"type":"Feature","geometry":{"type":"Point","coordinates":[23.328485,42.685119]},"properties":{"x":"http://www.wikidata.org/entity/Q141110046","rhm_link":"https://registersofia.bg/?option=com_monuments&view=monument&formdata[id]=358","xLabel":"Иван Николаевич Вульпе, паметна плоча","rhmId":"358"}},{"type":"Feature","geometry":{"type":"Point","coordinates":[23.240527,42.657808]},"properties":{"x":"http://www.wikidata.org/entity/Q141110075","rhm_link":"https://registersofia.bg/?option=com_monuments&view=monument&formdata[id]=749","xLabel":"Скулптурна фигура, архитектурно-скулптурен ансамбъл","rhmId":"749"}},{"type":"Feature","geometry":{"type":"Point","coordinates":[23.241774,42.658924]},"properties":{"x":"http://www.wikidata.org/entity/Q141110080","rhm_link":"https://registersofia.bg/?option=com_monuments&view=monument&formdata[id]=752","xLabel":"„Район Витоша - Княжево”, монументална стенопис","rhmId":"752"}},{"type":"Feature","geometry":{"type":"Point","coordinates":[23.3229001,42.6935736]},"properties":{"x":"http://www.wikidata.org/entity/Q141110102","rhm_link":"https://registersofia.bg/?option=com_monuments&view=monument&formdata[id]=782","xLabel":"Българска търговска банка, Буров, паметна плоча, строителен надпис","rhmId":"782"}},{"type":"Feature","geometry":{"type":"Point","coordinates":[23.3281,42.669246]},"properties":{"x":"http://www.wikidata.org/entity/Q141110111","rhm_link":"https://registersofia.bg/?option=com_monuments&view=monument&formdata[id]=831","xLabel":"Скулптурна фигура - птици","rhmId":"831"}},{"type":"Feature","geometry":{"type":"Point","coordinates":[23.321444,42.6966178]},"properties":{"x":"http://www.wikidata.org/entity/Q141110114","rhm_link":"https://registersofia.bg/?option=com_monuments&view=monument&formdata[id]=835","xLabel":"Екзарх Йосиф, барелеф, храм „Св. Неделя”","rhmId":"835"}},{"type":"Feature","geometry":{"type":"Point","coordinates":[23.316831,42.690802]},"properties":{"x":"http://www.wikidata.org/entity/Q141110296","rhm_link":"https://registersofia.bg/?option=com_monuments&view=monument&formdata[id]=385","xLabel":"Иван Ст. Пастухов, паметна плоча","rhmId":"385"}},{"type":"Feature","geometry":{"type":"Point","coordinates":[23.318479,42.691496]},"properties":{"x":"http://www.wikidata.org/entity/Q141110301","rhm_link":"https://registersofia.bg/?option=com_monuments&view=monument&formdata[id]=389","xLabel":"Милчо Костов, проф. д-р, паметна плоча","rhmId":"389"}},{"type":"Feature","geometry":{"type":"Point","coordinates":[23.314933,42.692388]},"properties":{"x":"http://www.wikidata.org/entity/Q141110303","rhm_link":"https://registersofia.bg/?option=com_monuments&view=monument&formdata[id]=390","xLabel":"Митко Димитров, офицер, паметна плоча. Военен паметник","rhmId":"390"}},{"type":"Feature","geometry":{"type":"Point","coordinates":[23.317094,42.690637]},"properties":{"x":"http://www.wikidata.org/entity/Q141110304","rhm_link":"https://registersofia.bg/?option=com_monuments&view=monument&formdata[id]=391","xLabel":"Никола Ракитин и Стамен Панчев, паметна плоча","rhmId":"391"}},{"type":"Feature","geometry":{"type":"Point","coordinates":[23.316437,42.694089]},"properties":{"x":"http://www.wikidata.org/entity/Q141110312","rhm_link":"https://registersofia.bg/?option=com_monuments&view=monument&formdata[id]=397","xLabel":"Юлия Гурковска – Джу, паметна плоча","rhmId":"397"}},{"type":"Feature","geometry":{"type":"Point","coordinates":[23.304575,42.685474]},"properties":{"x":"http://www.wikidata.org/entity/Q141110319","rhm_link":"https://registersofia.bg/?option=com_monuments&view=monument&formdata[id]=402","xLabel":"Самуил Видас, проф., паметна плоча","rhmId":"402"}},{"type":"Feature","geometry":{"type":"Point","coordinates":[23.301811,42.686202]},"properties":{"x":"http://www.wikidata.org/entity/Q141110320","rhm_link":"https://registersofia.bg/?option=com_monuments&view=monument&formdata[id]=403","xLabel":"Стойко Стойков, проф. д-р, паметна плоча","rhmId":"403"}},{"type":"Feature","geometry":{"type":"Point","coordinates":[23.312926,42.692877]},"properties":{"x":"http://www.wikidata.org/entity/Q141110323","rhm_link":"https://registersofia.bg/?option=com_monuments&view=monument&formdata[id]=404","xLabel":"Тодор Хр. Златев, паметна плоча","rhmId":"404"}},{"type":"Feature","geometry":{"type":"Point","coordinates":[23.319158,42.689331]},"properties":{"x":"http://www.wikidata.org/entity/Q141110324","rhm_link":"https://registersofia.bg/?option=com_monuments&view=monument&formdata[id]=408","xLabel":"Алеко Константинов, паметник, скулптурен","rhmId":"408"}},{"type":"Feature","geometry":{"type":"Point","coordinates":[23.362414,42.68708]},"properties":{"x":"http://www.wikidata.org/entity/Q141110328","rhm_link":"https://registersofia.bg/?option=com_monuments&view=monument&formdata[id]=411","xLabel":"Гео Милев, бюст-паметник","rhmId":"411"}},{"type":"Feature","geometry":{"type":"Point","coordinates":[23.3466224,42.7166905]},"properties":{"x":"http://www.wikidata.org/entity/Q141110332","rhm_link":"https://registersofia.bg/?option=com_monuments&view=monument&formdata[id]=417","xLabel":"Монументална стенопис (сграфито) – интериор, 59 ОУ „Васил Левски“","rhmId":"417"}},{"type":"Feature","geometry":{"type":"Point","coordinates":[23.0898926,42.7197472]},"properties":{"x":"http://www.wikidata.org/entity/Q141110364","rhm_link":"https://registersofia.bg/?option=com_monuments&view=monument&formdata[id]=553","xLabel":"На загиналите във войните за национално обединение от с. Клисура. Военен паметник","rhmId":"553"}},{"type":"Feature","geometry":{"type":"Point","coordinates":[23.359973,42.585733]},"properties":{"x":"http://www.wikidata.org/entity/Q141110366","rhm_link":"https://registersofia.bg/?option=com_monuments&view=monument&formdata[id]=555","xLabel":"На загиналите във Втората световна война, заключителна фаза (и в съпротивителното движение) от кв. „Бистрица”. Военен паметник","rhmId":"555"}},{"type":"Feature","geometry":{"type":"Point","coordinates":[23.3087562,42.6739426]},"properties":{"x":"http://www.wikidata.org/entity/Q141110373","rhm_link":"https://registersofia.bg/?option=com_monuments&view=monument&formdata[id]=567","xLabel":"Михайло Обренович, княз, бюст-паметник, Южен парк","rhmId":"567"}},{"type":"Feature","geometry":{"type":"Point","coordinates":[23.339878,42.686154]},"properties":{"x":"http://www.wikidata.org/entity/Q141110382","rhm_link":"https://registersofia.bg/?option=com_monuments&view=monument&formdata[id]=591","xLabel":"Стефан Караджа, бюст-паметник, Борисова градина","rhmId":"591"}},{"type":"Feature","geometry":{"type":"Point","coordinates":[23.337604,42.689309]},"properties":{"x":"http://www.wikidata.org/entity/Q141110387","rhm_link":"https://registersofia.bg/?option=com_monuments&view=monument&formdata[id]=644","xLabel":"Даниел Нееф, свободностоящ паметен знак, Борисова градина","rhmId":"644"}},{"type":"Feature","geometry":{"type":"Point","coordinates":[23.36014,42.585906]},"properties":{"x":"http://www.wikidata.org/entity/Q141110390","rhm_link":"https://registersofia.bg/?option=com_monuments&view=monument&formdata[id]=648","xLabel":"Никола Крушкин - Чолака, паметник","rhmId":"648"}},{"type":"Feature","geometry":{"type":"Point","coordinates":[23.3662745,42.5336411]},"properties":{"x":"http://www.wikidata.org/entity/Q141110444","rhm_link":"https://registersofia.bg/?option=com_monuments&view=monument&formdata[id]=1130","xLabel":"Чешма „1300 години България, сп. Водоснабдяване”, село Железница","rhmId":"1130"}},{"type":"Feature","geometry":{"type":"Point","coordinates":[23.3349639,42.6942027]},"properties":{"x":"http://www.wikidata.org/entity/Q141110471","rhm_link":"https://registersofia.bg/?option=com_monuments&view=monument&formdata[id]=1159","xLabel":"Фасадни скулптури, Ректорат на СУ „Св. Климент Охридски”, Северно крило","rhmId":"1159"}},{"type":"Feature","geometry":{"type":"Point","coordinates":[23.4761332,42.7319589]},"properties":{"x":"http://www.wikidata.org/entity/Q141110490","rhm_link":"https://registersofia.bg/?option=com_monuments&view=monument&formdata[id]=659","xLabel":"На загиналите във войните за национално обединение и във Втората световна война, заключителна фаза от с. Челопечене. Военен паметник","rhmId":"659"}},{"type":"Feature","geometry":{"type":"Point","coordinates":[23.32224,42.694513]},"properties":{"x":"http://www.wikidata.org/entity/Q141110500","rhm_link":"https://registersofia.bg/?option=com_monuments&view=monument&formdata[id]=723","xLabel":"Фасадна скулптура – титани","rhmId":"723"}},{"type":"Feature","geometry":{"type":"Point","coordinates":[23.284124,42.713838]},"properties":{"x":"http://www.wikidata.org/entity/Q141110529","rhm_link":"https://registersofia.bg/?option=com_monuments&view=monument&formdata[id]=743","xLabel":"Скулптурна група - баща и деца, Западен парк","rhmId":"743"}},{"type":"Feature","geometry":{"type":"Point","coordinates":[23.334343,42.688816]},"properties":{"x":"http://www.wikidata.org/entity/Q141110556","rhm_link":"https://registersofia.bg/?option=com_monuments&view=monument&formdata[id]=934","xLabel":"Скулптурна фигура „Физкултурничка“, Мост на спорта","rhmId":"934"}},{"type":"Feature","geometry":{"type":"Point","coordinates":[23.145868,42.710349]},"properties":{"x":"http://www.wikidata.org/entity/Q141110580","rhm_link":"https://registersofia.bg/?option=com_monuments&view=monument&formdata[id]=967","xLabel":"„Слънце“, мозайка – интериор, СБР-Здраве, ЕАД","rhmId":"967"}},{"type":"Feature","geometry":{"type":"Point","coordinates":[23.337311,42.6878343]},"properties":{"x":"http://www.wikidata.org/entity/Q141110582","rhm_link":"https://registersofia.bg/?option=com_monuments&view=monument&formdata[id]=969","xLabel":"Фонтан, розариум, Борисова градина","rhmId":"969"}},{"type":"Feature","geometry":{"type":"Point","coordinates":[23.3443006,42.6961844]},"properties":{"x":"http://www.wikidata.org/entity/Q141110586","rhm_link":"https://registersofia.bg/?option=com_monuments&view=monument&formdata[id]=973","xLabel":"Катя Паскалева, Иван Росенов, паметна плоча","rhmId":"973"}},{"type":"Feature","geometry":{"type":"Point","coordinates":[23.274072,42.785885]},"properties":{"x":"http://www.wikidata.org/entity/Q141110591","rhm_link":"https://registersofia.bg/?option=com_monuments&view=monument&formdata[id]=992","xLabel":"Пано, село Мрамор","rhmId":"992"}},{"type":"Feature","geometry":{"type":"Point","coordinates":[23.606211,42.746141]},"properties":{"x":"http://www.wikidata.org/entity/Q141110593","rhm_link":"https://registersofia.bg/?option=com_monuments&view=monument&formdata[id]=996","xLabel":"Карло Петров Шабански – Мечков, гвардейски майор, паметна плоча","rhmId":"996"}},{"type":"Feature","geometry":{"type":"Point","coordinates":[23.279111,42.564028]},"properties":{"x":"http://www.wikidata.org/entity/Q141114871","rhm_link":"https://registersofia.bg/?option=com_monuments&view=monument&formdata[id]=909","xLabel":"Алеко Константинов, паметна плоча с барелеф, Природен парк „Витоша”","rhmId":"909"}},{"type":"Feature","geometry":{"type":"Point","coordinates":[23.435179,42.797618]},"properties":{"x":"http://www.wikidata.org/entity/Q141114884","rhm_link":"https://registersofia.bg/?option=com_monuments&view=monument&formdata[id]=1044","xLabel":"Кирил Филипов Банов - Крум, свободностоящ паметен знак, лобно място","rhmId":"1044"}},{"type":"Feature","geometry":{"type":"Point","coordinates":[23.403529,42.802674]},"properties":{"x":"http://www.wikidata.org/entity/Q141114886","rhm_link":"https://registersofia.bg/?option=com_monuments&view=monument&formdata[id]=1049","xLabel":"Васил Левски, свободностоящ паметен знак","rhmId":"1049"}},{"type":"Feature","geometry":{"type":"Point","coordinates":[23.332222222,42.693611111]},"properties":{"x":"http://www.wikidata.org/entity/Q2037523","rhm_link":"https://registersofia.bg/?option=com_monuments&view=monument&formdata[id]=108","xLabel":"Паметник на Цар Освободител","rhmId":"108"}},{"type":"Feature","geometry":{"type":"Point","coordinates":[23.344611111,42.685861111]},"properties":{"x":"http://www.wikidata.org/entity/Q4400745","rhm_link":"https://registersofia.bg/?option=com_monuments&view=monument&formdata[id]=562","xLabel":"Руски гвардейски паметник","rhmId":"562"}},{"type":"Feature","geometry":{"type":"Point","coordinates":[23.32859,42.68824]},"properties":{"x":"http://www.wikidata.org/entity/Q50809798","rhm_link":"https://registersofia.bg/?option=com_monuments&view=monument&formdata[id]=43","xLabel":"паметник на Патриарх Евтимий","rhmId":"43"}},{"type":"Feature","geometry":{"type":"Point","coordinates":[23.331944444,42.696388888]},"properties":{"x":"http://www.wikidata.org/entity/Q60596197","rhm_link":"https://registersofia.bg/?option=com_monuments&view=monument&formdata[id]=571","xLabel":"Гроб на Иван Вазов","rhmId":"571"}},{"type":"Feature","geometry":{"type":"Point","coordinates":[23.338333333,42.687777777]},"properties":{"x":"http://www.wikidata.org/entity/Q92616399","rhm_link":"https://registersofia.bg/?option=com_monuments&view=monument&formdata[id]=1127","xLabel":"Бюст-паметник на Васил Левски","rhmId":"1127"}},{"type":"Feature","geometry":{"type":"Point","coordinates":[23.339166666,42.686666666]},"properties":{"x":"http://www.wikidata.org/entity/Q92618460","rhm_link":"https://registersofia.bg/?option=com_monuments&view=monument&formdata[id]=623","xLabel":"Бюст-паметник на Васил Петлешков","rhmId":"623"}},{"type":"Feature","geometry":{"type":"Point","coordinates":[23.316111111,42.698888888]},"properties":{"x":"http://www.wikidata.org/entity/Q119685955","rhm_link":"https://registersofia.bg/?option=com_monuments&view=monument&formdata[id]=914","xLabel":"Паметник на загиналите за свободата на Македония и Одринско (София)","rhmId":"914"}},{"type":"Feature","geometry":{"type":"Point","coordinates":[23.315167,42.697983]},"properties":{"x":"http://www.wikidata.org/entity/Q140589273","rhm_link":"https://registersofia.bg/?option=com_monuments&view=monument&formdata[id]=140","xLabel":"Паметникът на Христо Ботев","rhmId":"140"}},{"type":"Feature","geometry":{"type":"Point","coordinates":[23.3289006,42.6913263]},"properties":{"x":"http://www.wikidata.org/entity/Q141109401","rhm_link":"https://registersofia.bg/?option=com_monuments&view=monument&formdata[id]=99","xLabel":"Антон Безеншек, паметна плоча","rhmId":"99"}},{"type":"Feature","geometry":{"type":"Point","coordinates":[23.3421686,42.6899986]},"properties":{"x":"http://www.wikidata.org/entity/Q141109416","rhm_link":"https://registersofia.bg/?option=com_monuments&view=monument&formdata[id]=124","xLabel":"Светослав Лучников, паметник, скулптурен","rhmId":"124"}},{"type":"Feature","geometry":{"type":"Point","coordinates":[23.330204,42.695868]},"properties":{"x":"http://www.wikidata.org/entity/Q141109422","rhm_link":"https://registersofia.bg/?option=com_monuments&view=monument&formdata[id]=129","xLabel":"„Българският опълченец“, паметник, скулптурен. Военен / Войнишки паметник","rhmId":"129"}},{"type":"Feature","geometry":{"type":"Point","coordinates":[23.326204,42.684178]},"properties":{"x":"http://www.wikidata.org/entity/Q141109428","rhm_link":"https://registersofia.bg/?option=com_monuments&view=monument&formdata[id]=221","xLabel":"Папа Йоан Павел II, свободностоящ паметен знак","rhmId":"221"}},{"type":"Feature","geometry":{"type":"Point","coordinates":[23.324996,42.691545]},"properties":{"x":"http://www.wikidata.org/entity/Q141109429","rhm_link":"https://registersofia.bg/?option=com_monuments&view=monument&formdata[id]=224","xLabel":"Георги С. Раковски, орелеф","rhmId":"224"}},{"type":"Feature","geometry":{"type":"Point","coordinates":[23.329226,42.690932]},"properties":{"x":"http://www.wikidata.org/entity/Q141109431","rhm_link":"https://registersofia.bg/?option=com_monuments&view=monument&formdata[id]=227","xLabel":"Димитър Манчев, паметна плоча с барелеф","rhmId":"227"}},{"type":"Feature","geometry":{"type":"Point","coordinates":[23.318871,42.699674]},"properties":{"x":"http://www.wikidata.org/entity/Q141109438","rhm_link":"https://registersofia.bg/?option=com_monuments&view=monument&formdata[id]=235","xLabel":"Сергей Румянцев, паметна плоча","rhmId":"235"}},{"type":"Feature","geometry":{"type":"Point","coordinates":[23.333121,42.692573]},"properties":{"x":"http://www.wikidata.org/entity/Q141109482","rhm_link":"https://registersofia.bg/?option=com_monuments&view=monument&formdata[id]=310","xLabel":"Панка Пелишек, проф., паметна плоча","rhmId":"310"}},{"type":"Feature","geometry":{"type":"Point","coordinates":[23.33541,42.692591]},"properties":{"x":"http://www.wikidata.org/entity/Q141109485","rhm_link":"https://registersofia.bg/?option=com_monuments&view=monument&formdata[id]=313","xLabel":"Петър Джидров, д-р, паметна плоча","rhmId":"313"}},{"type":"Feature","geometry":{"type":"Point","coordinates":[23.339761,42.690149]},"properties":{"x":"http://www.wikidata.org/entity/Q141109490","rhm_link":"https://registersofia.bg/?option=com_monuments&view=monument&formdata[id]=317","xLabel":"Ран Босилек, паметна плоча","rhmId":"317"}},{"type":"Feature","geometry":{"type":"Point","coordinates":[23.330651,42.688349]},"properties":{"x":"http://www.wikidata.org/entity/Q141109497","rhm_link":"https://registersofia.bg/?option=com_monuments&view=monument&formdata[id]=326","xLabel":"Стефан Савов, паметна плоча","rhmId":"326"}},{"type":"Feature","geometry":{"type":"Point","coordinates":[23.326224,42.692391]},"properties":{"x":"http://www.wikidata.org/entity/Q141109498","rhm_link":"https://registersofia.bg/?option=com_monuments&view=monument&formdata[id]=327","xLabel":"Стефан Стамболов, паметна плоча, лобно място","rhmId":"327"}},{"type":"Feature","geometry":{"type":"Point","coordinates":[23.3311313,42.6847393]},"properties":{"x":"http://www.wikidata.org/entity/Q141109518","rhm_link":"https://registersofia.bg/?option=com_monuments&view=monument&formdata[id]=429","xLabel":"Монументална Стенопис (Сграфито) - Интериор, УАСГ","rhmId":"429"}},{"type":"Feature","geometry":{"type":"Point","coordinates":[23.333517,42.697767]},"properties":{"x":"http://www.wikidata.org/entity/Q141109535","rhm_link":"https://registersofia.bg/?option=com_monuments&view=monument&formdata[id]=448","xLabel":"Иван Фунев, проф., паметна плоча","rhmId":"448"}},{"type":"Feature","geometry":{"type":"Point","coordinates":[23.32697,42.698304]},"properties":{"x":"http://www.wikidata.org/entity/Q141109544","rhm_link":"https://registersofia.bg/?option=com_monuments&view=monument&formdata[id]=458","xLabel":"Петър Г. Папакочев, паметна плоча","rhmId":"458"}},{"type":"Feature","geometry":{"type":"Point","coordinates":[23.331493,42.697545]},"properties":{"x":"http://www.wikidata.org/entity/Q141109548","rhm_link":"https://registersofia.bg/?option=com_monuments&view=monument&formdata[id]=462","xLabel":"Тодор Бурмов и Стоян Данев, паметна плоча","rhmId":"462"}},{"type":"Feature","geometry":{"type":"Point","coordinates":[23.514314,42.742219]},"properties":{"x":"http://www.wikidata.org/entity/Q141109579","rhm_link":"https://registersofia.bg/?option=com_monuments&view=monument&formdata[id]=512","xLabel":"Монументална стенопис (сграфито), ПГМ „Акад. Иван Бардин\"\"","rhmId":"512"}},{"type":"Feature","geometry":{"type":"Point","coordinates":[23.3099683,42.702936]},"properties":{"x":"http://www.wikidata.org/entity/Q141109586","rhm_link":"https://registersofia.bg/?option=com_monuments&view=monument&formdata[id]=520","xLabel":"На загиналите във Втората световна война, заключителна фаза от кв. „Три Кладенци” и на загиналите български войници в мирно време при изпълнение на служебния си дълг. Военен паметник","rhmId":"520"}},{"type":"Feature","geometry":{"type":"Point","coordinates":[23.3137828,42.6980925]},"properties":{"x":"http://www.wikidata.org/entity/Q141109614","rhm_link":"https://registersofia.bg/?option=com_monuments&view=monument&formdata[id]=583","xLabel":"Симон Боливар, бюст-паметник","rhmId":"583"}},{"type":"Feature","geometry":{"type":"Point","coordinates":[23.3442834,42.6806021]},"properties":{"x":"http://www.wikidata.org/entity/Q141109647","rhm_link":"https://registersofia.bg/?option=com_monuments&view=monument&formdata[id]=640","xLabel":"Скулптурна фигура - плувец, Борисова градина","rhmId":"640"}},{"type":"Feature","geometry":{"type":"Point","coordinates":[23.31643,42.772773]},"properties":{"x":"http://www.wikidata.org/entity/Q141109649","rhm_link":"https://registersofia.bg/?option=com_monuments&view=monument&formdata[id]=660","xLabel":"На загиналите във войните за национално обединение, във Втората световна война, заключителна фаза (и в съпротивителното движение) от с. Требич. Военен паметник","rhmId":"660"}},{"type":"Feature","geometry":{"type":"Point","coordinates":[23.559752,42.727946]},"properties":{"x":"http://www.wikidata.org/entity/Q141109651","rhm_link":"https://registersofia.bg/?option=com_monuments&view=monument&formdata[id]=664","xLabel":"На загиналите във войните за национално обединение (1912-1913) от с. Яна. Военен паметник","rhmId":"664"}},{"type":"Feature","geometry":{"type":"Point","coordinates":[23.308947,42.628844]},"properties":{"x":"http://www.wikidata.org/entity/Q141109667","rhm_link":"https://registersofia.bg/?option=com_monuments&view=monument&formdata[id]=692","xLabel":"На загиналите във войните за национално обединение от с. Драгалевци. Военен паметник","rhmId":"692"}},{"type":"Feature","geometry":{"type":"Point","coordinates":[23.342285,42.695806]},"properties":{"x":"http://www.wikidata.org/entity/Q141109672","rhm_link":"https://registersofia.bg/?option=com_monuments&view=monument&formdata[id]=698","xLabel":"Стефан Д. Танев, паметна плоча с барелеф","rhmId":"698"}},{"type":"Feature","geometry":{"type":"Point","coordinates":[23.3445122,42.6956426]},"properties":{"x":"http://www.wikidata.org/entity/Q141109676","rhm_link":"https://registersofia.bg/?option=com_monuments&view=monument&formdata[id]=702","xLabel":"Асен Златаров, проф., паметна плоча с барелеф","rhmId":"702"}},{"type":"Feature","geometry":{"type":"Point","coordinates":[23.3309681,42.6862415]},"properties":{"x":"http://www.wikidata.org/entity/Q141109685","rhm_link":"https://registersofia.bg/?option=com_monuments&view=monument&formdata[id]=714","xLabel":"Скулптурна група „Селянка и колхозничка”, „Мост на Дружбата”","rhmId":"714"}},{"type":"Feature","geometry":{"type":"Point","coordinates":[23.243935,42.659679]},"properties":{"x":"http://www.wikidata.org/entity/Q141109694","rhm_link":"https://registersofia.bg/?option=com_monuments&view=monument&formdata[id]=756","xLabel":"Чешма, Княжеска минерална вода","rhmId":"756"}},{"type":"Feature","geometry":{"type":"Point","coordinates":[23.346609,42.6864]},"properties":{"x":"http://www.wikidata.org/entity/Q141109702","rhm_link":"https://registersofia.bg/?option=com_monuments&view=monument&formdata[id]=785","xLabel":"Скулптурна фигура - Сърна, 18 ОДЗ „Детски свят”","rhmId":"785"}},{"type":"Feature","geometry":{"type":"Point","coordinates":[23.362348,42.703648]},"properties":{"x":"http://www.wikidata.org/entity/Q141109719","rhm_link":"https://registersofia.bg/?option=com_monuments&view=monument&formdata[id]=804","xLabel":"Васил Левски, паметник, скулптурен","rhmId":"804"}},{"type":"Feature","geometry":{"type":"Point","coordinates":[23.3216569,42.6909189]},"properties":{"x":"http://www.wikidata.org/entity/Q141109723","rhm_link":"https://registersofia.bg/?option=com_monuments&view=monument&formdata[id]=808","xLabel":"Иван Леков, дарителски надпис, 127 СУ „Иван Николаевич Денкоглу”","rhmId":"808"}},{"type":"Feature","geometry":{"type":"Point","coordinates":[23.3275828,42.6872895]},"properties":{"x":"http://www.wikidata.org/entity/Q141109729","rhm_link":"https://registersofia.bg/?option=com_monuments&view=monument&formdata[id]=818","xLabel":"Скулптурна фигура „Майка”, Къща-музей „Иван Лазаров”","rhmId":"818"}},{"type":"Feature","geometry":{"type":"Point","coordinates":[23.303795,42.684893]},"properties":{"x":"http://www.wikidata.org/entity/Q141109735","rhm_link":"https://registersofia.bg/?option=com_monuments&view=monument&formdata[id]=826","xLabel":"Иван Маринов Иванов, проф., ген-майор, бюст-паметник, ВМА","rhmId":"826"}},{"type":"Feature","geometry":{"type":"Point","coordinates":[23.303674,42.68439]},"properties":{"x":"http://www.wikidata.org/entity/Q141109736","rhm_link":"https://registersofia.bg/?option=com_monuments&view=monument&formdata[id]=827","xLabel":"ВМА, Йорданка Поцкова, арх., паметна плоча, строителен надпис","rhmId":"827"}},{"type":"Feature","geometry":{"type":"Point","coordinates":[23.348503,42.691755]},"properties":{"x":"http://www.wikidata.org/entity/Q141109740","rhm_link":"https://registersofia.bg/?option=com_monuments&view=monument&formdata[id]=851","xLabel":"„Крумов войник”, фасадна скулптура , Военна Академия","rhmId":"851"}},{"type":"Feature","geometry":{"type":"Point","coordinates":[23.347675,42.690571]},"properties":{"x":"http://www.wikidata.org/entity/Q141109742","rhm_link":"https://registersofia.bg/?option=com_monuments&view=monument&formdata[id]=853","xLabel":"Скулптурна фигура - Лъв, Военна академия","rhmId":"853"}},{"type":"Feature","geometry":{"type":"Point","coordinates":[23.3202149,42.7116654]},"properties":{"x":"http://www.wikidata.org/entity/Q141109743","rhm_link":"https://registersofia.bg/?option=com_monuments&view=monument&formdata[id]=854","xLabel":"Архитектурно-скулптурна композиция, „Сердика“ - „Майка”, Централна ЖП гара – София","rhmId":"854"}},{"type":"Feature","geometry":{"type":"Point","coordinates":[23.3208548,42.6719176]},"properties":{"x":"http://www.wikidata.org/entity/Q141109751","rhm_link":"https://registersofia.bg/?option=com_monuments&view=monument&formdata[id]=862","xLabel":"На загиналите във войните за национално обединение и във Втората световна война, заключителна фаза от Лозенец. Военен паметник","rhmId":"862"}},{"type":"Feature","geometry":{"type":"Point","coordinates":[23.557299,42.459207]},"properties":{"x":"http://www.wikidata.org/entity/Q141109765","rhm_link":"https://registersofia.bg/?option=com_monuments&view=monument&formdata[id]=885","xLabel":"Василий Краснокутски, кап. и 25 войници от 123 Козловски полк. Паметник на Освободителната война - гроб","rhmId":"885"}},{"type":"Feature","geometry":{"type":"Point","coordinates":[23.353238,42.684458]},"properties":{"x":"http://www.wikidata.org/entity/Q141109781","rhm_link":"https://registersofia.bg/?option=com_monuments&view=monument&formdata[id]=906","xLabel":"Джоко Росич, паметна плоча с барелеф","rhmId":"906"}},{"type":"Feature","geometry":{"type":"Point","coordinates":[23.355548,42.69567]},"properties":{"x":"http://www.wikidata.org/entity/Q141109783","rhm_link":"https://registersofia.bg/?option=com_monuments&view=monument&formdata[id]=908","xLabel":"Монументална стенопис, 23 СУ „Фредерик Жолио-Кюри","rhmId":"908"}},{"type":"Feature","geometry":{"type":"Point","coordinates":[23.3470495,42.6950279]},"properties":{"x":"http://www.wikidata.org/entity/Q141109794","rhm_link":"https://registersofia.bg/?option=com_monuments&view=monument&formdata[id]=977","xLabel":"Панчо Владигеров, проф, релеф, НМА „проф. Панчо Владигеров”","rhmId":"977"}},{"type":"Feature","geometry":{"type":"Point","coordinates":[23.406155,42.768815]},"properties":{"x":"http://www.wikidata.org/entity/Q141109800","rhm_link":"https://registersofia.bg/?option=com_monuments&view=monument&formdata[id]=985","xLabel":"Васил Левски, паметна плоча","rhmId":"985"}},{"type":"Feature","geometry":{"type":"Point","coordinates":[23.4460035,42.793389]},"properties":{"x":"http://www.wikidata.org/entity/Q141109808","rhm_link":"https://registersofia.bg/?option=com_monuments&view=monument&formdata[id]=999","xLabel":"Илия Лазаров Джагаров, Ботев четник, паметник","rhmId":"999"}},{"type":"Feature","geometry":{"type":"Point","coordinates":[23.3409867,42.6850694]},"properties":{"x":"http://www.wikidata.org/entity/Q141109815","rhm_link":"https://registersofia.bg/?option=com_monuments&view=monument&formdata[id]=1007","xLabel":"Скулптурна група - баща и деца, Борисова градина","rhmId":"1007"}},{"type":"Feature","geometry":{"type":"Point","coordinates":[23.529863,42.719305]},"properties":{"x":"http://www.wikidata.org/entity/Q141109817","rhm_link":"https://registersofia.bg/?option=com_monuments&view=monument&formdata[id]=1010","xLabel":"Мироско Райчев, паметник, скулптурен","rhmId":"1010"}},{"type":"Feature","geometry":{"type":"Point","coordinates":[23.319774,42.6839571]},"properties":{"x":"http://www.wikidata.org/entity/Q141109830","rhm_link":"https://registersofia.bg/?option=com_monuments&view=monument&formdata[id]=1029","xLabel":"Симеон Радев, паметник, скулптурен, НДК","rhmId":"1029"}},{"type":"Feature","geometry":{"type":"Point","coordinates":[23.2690519,42.8486942]},"properties":{"x":"http://www.wikidata.org/entity/Q141109831","rhm_link":"https://registersofia.bg/?option=com_monuments&view=monument&formdata[id]=1030","xLabel":"Иван Денкоглу, бюст-паметник","rhmId":"1030"}},{"type":"Feature","geometry":{"type":"Point","coordinates":[23.2887921,42.6995555]},"properties":{"x":"http://www.wikidata.org/entity/Q141109869","rhm_link":"https://registersofia.bg/?option=com_monuments&view=monument&formdata[id]=1098","xLabel":"Фасадна скулптура – майка с дете, Първа градска акушеро-гинекологична болница „Св. София”","rhmId":"1098"}},{"type":"Feature","geometry":{"type":"Point","coordinates":[23.3237605,42.7047934]},"properties":{"x":"http://www.wikidata.org/entity/Q141109890","rhm_link":"https://registersofia.bg/?option=com_monuments&view=monument&formdata[id]=1153","xLabel":"Георги Абаджията, свободностоящ паметен знак, лобно място","rhmId":"1153"}},{"type":"Feature","geometry":{"type":"Point","coordinates":[23.3396738,42.6943431]},"properties":{"x":"http://www.wikidata.org/entity/Q141109905","rhm_link":"https://registersofia.bg/?option=com_monuments&view=monument&formdata[id]=1197","xLabel":"Любомир Левчев, паметна плоча","rhmId":"1197"}},{"type":"Feature","geometry":{"type":"Point","coordinates":[23.3313366,42.6885544]},"properties":{"x":"http://www.wikidata.org/entity/Q141109909","rhm_link":"https://registersofia.bg/?option=com_monuments&view=monument&formdata[id]=1207","xLabel":"Ничо Иванов, проф., д-р., паметна плоча","rhmId":"1207"}},{"type":"Feature","geometry":{"type":"Point","coordinates":[23.326948,42.696936]},"properties":{"x":"http://www.wikidata.org/entity/Q141109937","rhm_link":"https://registersofia.bg/?option=com_monuments&view=monument&formdata[id]=135","xLabel":"Владимир Димитров - Майстора, паметник, скулптурен","rhmId":"135"}},{"type":"Feature","geometry":{"type":"Point","coordinates":[23.3245575,42.6936141]},"properties":{"x":"http://www.wikidata.org/entity/Q141109944","rhm_link":"https://registersofia.bg/?option=com_monuments&view=monument&formdata[id]=149","xLabel":"Васил Левски, релеф","rhmId":"149"}},{"type":"Feature","geometry":{"type":"Point","coordinates":[23.3339811,42.6926153]},"properties":{"x":"http://www.wikidata.org/entity/Q141109947","rhm_link":"https://registersofia.bg/?option=com_monuments&view=monument&formdata[id]=154","xLabel":"Димитър Христов, паметна плоча с релеф","rhmId":"154"}},{"type":"Feature","geometry":{"type":"Point","coordinates":[23.3243672,42.6912002]},"properties":{"x":"http://www.wikidata.org/entity/Q141109960","rhm_link":"https://registersofia.bg/?option=com_monuments&view=monument&formdata[id]=174","xLabel":"Александър Гиргинов, паметна плоча","rhmId":"174"}},{"type":"Feature","geometry":{"type":"Point","coordinates":[23.341631,42.690194]},"properties":{"x":"http://www.wikidata.org/entity/Q141109966","rhm_link":"https://registersofia.bg/?option=com_monuments&view=monument&formdata[id]=180","xLabel":"Вера Игнатиева и Гено Киров, паметна плоча","rhmId":"180"}},{"type":"Feature","geometry":{"type":"Point","coordinates":[23.33249,42.6818718]},"properties":{"x":"http://www.wikidata.org/entity/Q141109971","rhm_link":"https://registersofia.bg/?option=com_monuments&view=monument&formdata[id]=185","xLabel":"Александър Райчев, проф., паметна плоча","rhmId":"185"}},{"type":"Feature","geometry":{"type":"Point","coordinates":[23.324836,42.668928]},"properties":{"x":"http://www.wikidata.org/entity/Q141109972","rhm_link":"https://registersofia.bg/?option=com_monuments&view=monument&formdata[id]=186","xLabel":"Анастас Дачев, паметна плоча","rhmId":"186"}},{"type":"Feature","geometry":{"type":"Point","coordinates":[23.329143,42.6790865]},"properties":{"x":"http://www.wikidata.org/entity/Q141109976","rhm_link":"https://registersofia.bg/?option=com_monuments&view=monument&formdata[id]=192","xLabel":"Димитър Димов, паметна плоча, къща музей","rhmId":"192"}},{"type":"Feature","geometry":{"type":"Point","coordinates":[23.332448,42.679521]},"properties":{"x":"http://www.wikidata.org/entity/Q141109987","rhm_link":"https://registersofia.bg/?option=com_monuments&view=monument&formdata[id]=200","xLabel":"Марта Попова, паметна плоча","rhmId":"200"}},{"type":"Feature","geometry":{"type":"Point","coordinates":[23.328916,42.682662]},"properties":{"x":"http://www.wikidata.org/entity/Q141109996","rhm_link":"https://registersofia.bg/?option=com_monuments&view=monument&formdata[id]=206","xLabel":"Парашкев Хаджиев, проф., паметна плоча","rhmId":"206"}},{"type":"Feature","geometry":{"type":"Point","coordinates":[23.333163,42.671514]},"properties":{"x":"http://www.wikidata.org/entity/Q141109998","rhm_link":"https://registersofia.bg/?option=com_monuments&view=monument&formdata[id]=208","xLabel":"Петър Димков, паметна плоча","rhmId":"208"}},{"type":"Feature","geometry":{"type":"Point","coordinates":[23.323075,42.679608]},"properties":{"x":"http://www.wikidata.org/entity/Q141110000","rhm_link":"https://registersofia.bg/?option=com_monuments&view=monument&formdata[id]=210","xLabel":"Спасия Джуренова, паметна плоча","rhmId":"210"}},{"type":"Feature","geometry":{"type":"Point","coordinates":[23.329731,42.679886]},"properties":{"x":"http://www.wikidata.org/entity/Q141110001","rhm_link":"https://registersofia.bg/?option=com_monuments&view=monument&formdata[id]=211","xLabel":"Стефан Дичев, паметна плоча","rhmId":"211"}},{"type":"Feature","geometry":{"type":"Point","coordinates":[23.339781,42.689201]},"properties":{"x":"http://www.wikidata.org/entity/Q141110019","rhm_link":"https://registersofia.bg/?option=com_monuments&view=monument&formdata[id]=272","xLabel":"Кирил Атанасов Попов, акад., паметна плоча","rhmId":"272"}},{"type":"Feature","geometry":{"type":"Point","coordinates":[23.342567,42.687307]},"properties":{"x":"http://www.wikidata.org/entity/Q141110055","rhm_link":"https://registersofia.bg/?option=com_monuments&view=monument&formdata[id]=368","xLabel":"Люба Енчева, проф., паметна плоча","rhmId":"368"}},{"type":"Feature","geometry":{"type":"Point","coordinates":[23.316849,42.686207]},"properties":{"x":"http://www.wikidata.org/entity/Q141110062","rhm_link":"https://registersofia.bg/?option=com_monuments&view=monument&formdata[id]=376","xLabel":"Войдан Чернодрински, паметна плоча","rhmId":"376"}},{"type":"Feature","geometry":{"type":"Point","coordinates":[23.33125,42.6857]},"properties":{"x":"http://www.wikidata.org/entity/Q141110112","rhm_link":"https://registersofia.bg/?option=com_monuments&view=monument&formdata[id]=833","xLabel":"Христо Ботев, паметник, СГСАГ „Христо Ботев“","rhmId":"833"}},{"type":"Feature","geometry":{"type":"Point","coordinates":[23.3225712,42.6946604]},"properties":{"x":"http://www.wikidata.org/entity/Q141110118","rhm_link":"https://registersofia.bg/?option=com_monuments&view=monument&formdata[id]=839","xLabel":"Фасадна скулптура - грифон, Застрахователно дружество „Орел”","rhmId":"839"}},{"type":"Feature","geometry":{"type":"Point","coordinates":[23.348632,42.691499]},"properties":{"x":"http://www.wikidata.org/entity/Q141110126","rhm_link":"https://registersofia.bg/?option=com_monuments&view=monument&formdata[id]=849","xLabel":"Георги С. Раковски, паметник, скулптурен, Военна Академия","rhmId":"849"}},{"type":"Feature","geometry":{"type":"Point","coordinates":[23.3345302,42.6886797]},"properties":{"x":"http://www.wikidata.org/entity/Q141110145","rhm_link":"https://registersofia.bg/?option=com_monuments&view=monument&formdata[id]=940","xLabel":"Скулптурна фигура „Дискохвъргач“, Мост на спорта","rhmId":"940"}},{"type":"Feature","geometry":{"type":"Point","coordinates":[23.325423,42.694622]},"properties":{"x":"http://www.wikidata.org/entity/Q141110326","rhm_link":"https://registersofia.bg/?option=com_monuments&view=monument&formdata[id]=409","xLabel":"Алеко Константинов, свободностоящ паметен знак","rhmId":"409"}},{"type":"Feature","geometry":{"type":"Point","coordinates":[23.3368073,42.6760493]},"properties":{"x":"http://www.wikidata.org/entity/Q141110330","rhm_link":"https://registersofia.bg/?option=com_monuments&view=monument&formdata[id]=415","xLabel":"Кирил, митрополит Видински, бюст-паметник","rhmId":"415"}},{"type":"Feature","geometry":{"type":"Point","coordinates":[23.297295,42.69314]},"properties":{"x":"http://www.wikidata.org/entity/Q141110334","rhm_link":"https://registersofia.bg/?option=com_monuments&view=monument&formdata[id]=419","xLabel":"Монументална стенопис – интериор, 116 ЦДГ „Щастливо детство“","rhmId":"419"}},{"type":"Feature","geometry":{"type":"Point","coordinates":[23.330827,42.696902]},"properties":{"x":"http://www.wikidata.org/entity/Q141110348","rhm_link":"https://registersofia.bg/?option=com_monuments&view=monument&formdata[id]=494","xLabel":"Монументална стенопис (сграфито), Столична община","rhmId":"494"}},{"type":"Feature","geometry":{"type":"Point","coordinates":[23.317515,42.694834]},"properties":{"x":"http://www.wikidata.org/entity/Q141110351","rhm_link":"https://registersofia.bg/?option=com_monuments&view=monument&formdata[id]=499","xLabel":"Монументална стенопис (сграфито), ул. „Алабин“","rhmId":"499"}},{"type":"Feature","geometry":{"type":"Point","coordinates":[23.465657,42.659229]},"properties":{"x":"http://www.wikidata.org/entity/Q141110367","rhm_link":"https://registersofia.bg/?option=com_monuments&view=monument&formdata[id]=557","xLabel":"На загиналите във войните за национално обединение и във Втората световна война, заключителна фаза от с. Казичене. Военен паметник. Архитектурен ансамбъл","rhmId":"557"}},{"type":"Feature","geometry":{"type":"Point","coordinates":[23.406955,42.626177]},"properties":{"x":"http://www.wikidata.org/entity/Q141110369","rhm_link":"https://registersofia.bg/?option=com_monuments&view=monument&formdata[id]=559","xLabel":"Скулптурна група „Снежанка и седемте джуджета“","rhmId":"559"}},{"type":"Feature","geometry":{"type":"Point","coordinates":[23.33396,42.694617]},"properties":{"x":"http://www.wikidata.org/entity/Q141110406","rhm_link":"https://registersofia.bg/?option=com_monuments&view=monument&formdata[id]=1065","xLabel":"„Паметник на спасението” („Прегръдката”)","rhmId":"1065"}},{"type":"Feature","geometry":{"type":"Point","coordinates":[23.292255,42.582614]},"properties":{"x":"http://www.wikidata.org/entity/Q141110457","rhm_link":"https://registersofia.bg/?option=com_monuments&view=monument&formdata[id]=1141","xLabel":"Алеко Константинов, паметна плоча с барелеф, х. „Алеко” , Природен парк „Витоша”","rhmId":"1141"}},{"type":"Feature","geometry":{"type":"Point","coordinates":[23.525677,42.714715]},"properties":{"x":"http://www.wikidata.org/entity/Q141110487","rhm_link":"https://registersofia.bg/?option=com_monuments&view=monument&formdata[id]=656","xLabel":"На загиналите във войните за национално обединение от с. Горни Богров. Военен паметник","rhmId":"656"}},{"type":"Feature","geometry":{"type":"Point","coordinates":[23.3272605,42.6952906]},"properties":{"x":"http://www.wikidata.org/entity/Q141110507","rhm_link":"https://registersofia.bg/?option=com_monuments&view=monument&formdata[id]=729","xLabel":"„Глава на дете”, монументална стенопис","rhmId":"729"}},{"type":"Feature","geometry":{"type":"Point","coordinates":[23.35296,42.676798]},"properties":{"x":"http://www.wikidata.org/entity/Q141110512","rhm_link":"https://registersofia.bg/?option=com_monuments&view=monument&formdata[id]=735","xLabel":"Жул Леви, паметна плоча","rhmId":"735"}},{"type":"Feature","geometry":{"type":"Point","coordinates":[23.3412686,42.6975067]},"properties":{"x":"http://www.wikidata.org/entity/Q141110514","rhm_link":"https://registersofia.bg/?option=com_monuments&view=monument&formdata[id]=736","xLabel":"Фонтан със скулптурна фигура „Къпеща се“, парк „Заимов”","rhmId":"736"}},{"type":"Feature","geometry":{"type":"Point","coordinates":[23.3322776,42.6883579]},"properties":{"x":"http://www.wikidata.org/entity/Q141110567","rhm_link":"https://registersofia.bg/?option=com_monuments&view=monument&formdata[id]=951","xLabel":"Иван Колев, заслужил майстор на спорта, паметна плоч","rhmId":"951"}},{"type":"Feature","geometry":{"type":"Point","coordinates":[23.3290899,42.6769262]},"properties":{"x":"http://www.wikidata.org/entity/Q141110576","rhm_link":"https://registersofia.bg/?option=com_monuments&view=monument&formdata[id]=963","xLabel":"Чешма, парк „Славейкови дъбове”","rhmId":"963"}},{"type":"Feature","geometry":{"type":"Point","coordinates":[23.3181529,42.6901419]},"properties":{"x":"http://www.wikidata.org/entity/Q141110584","rhm_link":"https://registersofia.bg/?option=com_monuments&view=monument&formdata[id]=971","xLabel":"Груди Панчев, инж., паметна плоча","rhmId":"971"}},{"type":"Feature","geometry":{"type":"Point","coordinates":[23.4266966,42.758667]},"properties":{"x":"http://www.wikidata.org/entity/Q141110589","rhm_link":"https://registersofia.bg/?option=com_monuments&view=monument&formdata[id]=980","xLabel":"Чешма, село Чепинци","rhmId":"980"}},{"type":"Feature","geometry":{"type":"Point","coordinates":[23.325939,42.692199]},"properties":{"x":"http://www.wikidata.org/entity/Q141114862","rhm_link":"https://registersofia.bg/?option=com_monuments&view=monument&formdata[id]=342","xLabel":"Кръстю Сарафов, паметна плоча с барелеф","rhmId":"342"}},{"type":"Feature","geometry":{"type":"Point","coordinates":[23.3242929,42.6917168]},"properties":{"x":"http://www.wikidata.org/entity/Q141114872","rhm_link":"https://registersofia.bg/?option=com_monuments&view=monument&formdata[id]=1004","xLabel":"Фасадна скулптура, „Мъж – строител, жена – „Архитектура”, Столична библиотека","rhmId":"1004"}},{"type":"Feature","geometry":{"type":"Point","coordinates":[23.3193871,42.8457015]},"properties":{"x":"http://www.wikidata.org/entity/Q141114875","rhm_link":"https://registersofia.bg/?option=com_monuments&view=monument&formdata[id]=1034","xLabel":"Чешма, село Кътина","rhmId":"1034"}},{"type":"Feature","geometry":{"type":"Point","coordinates":[23.294516,42.68336]},"properties":{"x":"http://www.wikidata.org/entity/Q141114893","rhm_link":"https://registersofia.bg/?option=com_monuments&view=monument&formdata[id]=1095","xLabel":"Скулптура, абстрактна, ОКИ „Красно село”","rhmId":"1095"}},{"type":"Feature","geometry":{"type":"Point","coordinates":[23.338333333,42.694444444]},"properties":{"x":"http://www.wikidata.org/entity/Q19705297","rhm_link":"https://registersofia.bg/?option=com_monuments&view=monument&formdata[id]=561","xLabel":"Докторски паметник","rhmId":"561"}},{"type":"Feature","geometry":{"type":"Point","coordinates":[23.34007,42.68744]},"properties":{"x":"http://www.wikidata.org/entity/Q92622844","rhm_link":"https://registersofia.bg/?option=com_monuments&view=monument&formdata[id]=624","xLabel":"Бюст-паметник на Марин Дринов","rhmId":"624"}},{"type":"Feature","geometry":{"type":"Point","coordinates":[23.603769444,42.743980555]},"properties":{"x":"http://www.wikidata.org/entity/Q106212769","rhm_link":"https://registersofia.bg/?option=com_monuments&view=monument&formdata[id]=668","xLabel":"Войнишки паметник в село Желява","rhmId":"668"}},{"type":"Feature","geometry":{"type":"Point","coordinates":[23.409083333,42.631]},"properties":{"x":"http://www.wikidata.org/entity/Q130295308","rhm_link":"https://registersofia.bg/?option=com_monuments&view=monument&formdata[id]=560","xLabel":"паметен знак","rhmId":"560"}},{"type":"Feature","geometry":{"type":"Point","coordinates":[23.32397,42.69389]},"properties":{"x":"http://www.wikidata.org/entity/Q141109415","rhm_link":"https://registersofia.bg/?option=com_monuments&view=monument&formdata[id]=123","xLabel":"Джон Атанасов, паметник, скулптурен","rhmId":"123"}},{"type":"Feature","geometry":{"type":"Point","coordinates":[23.33044,42.693712]},"properties":{"x":"http://www.wikidata.org/entity/Q141109449","rhm_link":"https://registersofia.bg/?option=com_monuments&view=monument&formdata[id]=248","xLabel":"Георги Робев, проф., паметна плоча","rhmId":"248"}},{"type":"Feature","geometry":{"type":"Point","coordinates":[23.32982,42.689959]},"properties":{"x":"http://www.wikidata.org/entity/Q141109450","rhm_link":"https://registersofia.bg/?option=com_monuments&view=monument&formdata[id]=249","xLabel":"Георги П. Стаматов, паметна плоча","rhmId":"249"}},{"type":"Feature","geometry":{"type":"Point","coordinates":[23.327765,42.68811]},"properties":{"x":"http://www.wikidata.org/entity/Q141109457","rhm_link":"https://registersofia.bg/?option=com_monuments&view=monument&formdata[id]=257","xLabel":"Емил Капудалиев, паметна плоча","rhmId":"257"}},{"type":"Feature","geometry":{"type":"Point","coordinates":[23.341886,42.69086]},"properties":{"x":"http://www.wikidata.org/entity/Q141109461","rhm_link":"https://registersofia.bg/?option=com_monuments&view=monument&formdata[id]=265","xLabel":"Йордан Йовков, паметна плоча","rhmId":"265"}},{"type":"Feature","geometry":{"type":"Point","coordinates":[23.321145,42.688923]},"properties":{"x":"http://www.wikidata.org/entity/Q141109463","rhm_link":"https://registersofia.bg/?option=com_monuments&view=monument&formdata[id]=275","xLabel":"Константин Чилов, проф. д-р, паметна плоча","rhmId":"275"}},{"type":"Feature","geometry":{"type":"Point","coordinates":[23.328467,42.689888]},"properties":{"x":"http://www.wikidata.org/entity/Q141109484","rhm_link":"https://registersofia.bg/?option=com_monuments&view=monument&formdata[id]=312","xLabel":"Петър Вичев, д-р, паметна плоча","rhmId":"312"}},{"type":"Feature","geometry":{"type":"Point","coordinates":[23.323259,42.686245]},"properties":{"x":"http://www.wikidata.org/entity/Q141109494","rhm_link":"https://registersofia.bg/?option=com_monuments&view=monument&formdata[id]=322","xLabel":"Славчо Атанасов, паметна плоча","rhmId":"322"}},{"type":"Feature","geometry":{"type":"Point","coordinates":[23.335953,42.69412]},"properties":{"x":"http://www.wikidata.org/entity/Q141109511","rhm_link":"https://registersofia.bg/?option=com_monuments&view=monument&formdata[id]=345","xLabel":"Любен Стефанов Константинов, паметна плоча с барелеф, строителен надпис","rhmId":"345"}},{"type":"Feature","geometry":{"type":"Point","coordinates":[23.32852,42.694345]},"properties":{"x":"http://www.wikidata.org/entity/Q141109512","rhm_link":"https://registersofia.bg/?option=com_monuments&view=monument&formdata[id]=346","xLabel":"Сава Милков Мирков, д-р, паметна плоча с барелеф. Военен паметник","rhmId":"346"}},{"type":"Feature","geometry":{"type":"Point","coordinates":[23.3372934,42.6935697]},"properties":{"x":"http://www.wikidata.org/entity/Q141109519","rhm_link":"https://registersofia.bg/?option=com_monuments&view=monument&formdata[id]=431","xLabel":"Монументална стенопис (сграфито), Централен дом на архитекта","rhmId":"431"}},{"type":"Feature","geometry":{"type":"Point","coordinates":[23.343016,42.69289]},"properties":{"x":"http://www.wikidata.org/entity/Q141109526","rhm_link":"https://registersofia.bg/?option=com_monuments&view=monument&formdata[id]=440","xLabel":"Георги Христов Томалевски, паметна плоча","rhmId":"440"}},{"type":"Feature","geometry":{"type":"Point","coordinates":[23.337663,42.696476]},"properties":{"x":"http://www.wikidata.org/entity/Q141109536","rhm_link":"https://registersofia.bg/?option=com_monuments&view=monument&formdata[id]=449","xLabel":"Лидия Ковачева, паметна плоча","rhmId":"449"}},{"type":"Feature","geometry":{"type":"Point","coordinates":[23.325163,42.697941]},"properties":{"x":"http://www.wikidata.org/entity/Q141109540","rhm_link":"https://registersofia.bg/?option=com_monuments&view=monument&formdata[id]=453","xLabel":"Никола М. Иванов, паметна плоча","rhmId":"453"}},{"type":"Feature","geometry":{"type":"Point","coordinates":[23.326459,42.699788]},"properties":{"x":"http://www.wikidata.org/entity/Q141109543","rhm_link":"https://registersofia.bg/?option=com_monuments&view=monument&formdata[id]=456","xLabel":"Николай Петрини, паметна плоча","rhmId":"456"}},{"type":"Feature","geometry":{"type":"Point","coordinates":[23.348353,42.693999]},"properties":{"x":"http://www.wikidata.org/entity/Q141109555","rhm_link":"https://registersofia.bg/?option=com_monuments&view=monument&formdata[id]=478","xLabel":"Любомир Нейков, арх., паметна плоча","rhmId":"478"}},{"type":"Feature","geometry":{"type":"Point","coordinates":[23.340023,42.69408]},"properties":{"x":"http://www.wikidata.org/entity/Q141109563","rhm_link":"https://registersofia.bg/?option=com_monuments&view=monument&formdata[id]=486","xLabel":"Пенчо Н. Райков, акад., паметна плоча","rhmId":"486"}},{"type":"Feature","geometry":{"type":"Point","coordinates":[23.342905,42.694653]},"properties":{"x":"http://www.wikidata.org/entity/Q141109565","rhm_link":"https://registersofia.bg/?option=com_monuments&view=monument&formdata[id]=488","xLabel":"Стефан Стефанов Славчев, ген.-майор, паметна плоча. Военен паметник","rhmId":"488"}},{"type":"Feature","geometry":{"type":"Point","coordinates":[23.349431,42.6942443]},"properties":{"x":"http://www.wikidata.org/entity/Q141109582","rhm_link":"https://registersofia.bg/?option=com_monuments&view=monument&formdata[id]=515","xLabel":"Трайко Попов, паметна плоча","rhmId":"515"}},{"type":"Feature","geometry":{"type":"Point","coordinates":[23.241104,42.658864]},"properties":{"x":"http://www.wikidata.org/entity/Q141109593","rhm_link":"https://registersofia.bg/?option=com_monuments&view=monument&formdata[id]=527","xLabel":"Димитър Цветков, Мара Апостолова, Маргарита Апостолова, паметна плоча","rhmId":"527"}},{"type":"Feature","geometry":{"type":"Point","coordinates":[23.3213256,42.6926802]},"properties":{"x":"http://www.wikidata.org/entity/Q141109598","rhm_link":"https://registersofia.bg/?option=com_monuments&view=monument&formdata[id]=534","xLabel":"Дом-паметник на военноинвалидите. Военен паметник","rhmId":"534"}},{"type":"Feature","geometry":{"type":"Point","coordinates":[23.371826,42.680958]},"properties":{"x":"http://www.wikidata.org/entity/Q141109607","rhm_link":"https://registersofia.bg/?option=com_monuments&view=monument&formdata[id]=543","xLabel":"На загиналите във войните за национално обединение и във Втората световна война (заключителна фаза) от с. Слатина. Военен паметник","rhmId":"543"}},{"type":"Feature","geometry":{"type":"Point","coordinates":[23.3273295,42.6905302]},"properties":{"x":"http://www.wikidata.org/entity/Q141109611","rhm_link":"https://registersofia.bg/?option=com_monuments&view=monument&formdata[id]=579","xLabel":"Никола Петков, бюст-паметник","rhmId":"579"}},{"type":"Feature","geometry":{"type":"Point","coordinates":[23.3336449,42.6965191]},"properties":{"x":"http://www.wikidata.org/entity/Q141109615","rhm_link":"https://registersofia.bg/?option=com_monuments&view=monument&formdata[id]=584","xLabel":"Петко Д. Петков, бюст-паметник","rhmId":"584"}},{"type":"Feature","geometry":{"type":"Point","coordinates":[23.142423,42.708707]},"properties":{"x":"http://www.wikidata.org/entity/Q141109623","rhm_link":"https://registersofia.bg/?option=com_monuments&view=monument&formdata[id]=603","xLabel":"Елена и Никола Иванови, бюст-паметник, Военноинвалиден дом","rhmId":"603"}},{"type":"Feature","geometry":{"type":"Point","coordinates":[23.144609,42.706684]},"properties":{"x":"http://www.wikidata.org/entity/Q141109627","rhm_link":"https://registersofia.bg/?option=com_monuments&view=monument&formdata[id]=608","xLabel":"Скулптурна фигура „Хигия“","rhmId":"608"}},{"type":"Feature","geometry":{"type":"Point","coordinates":[23.387399,42.7823]},"properties":{"x":"http://www.wikidata.org/entity/Q141109645","rhm_link":"https://registersofia.bg/?option=com_monuments&view=monument&formdata[id]=637","xLabel":"На загиналите във войните за национално обединение (в съпротивителното движение и др.) от с. Световрачене. Военен паметник. Архитектурно-скулптурен ансамбъл","rhmId":"637"}},{"type":"Feature","geometry":{"type":"Point","coordinates":[23.4479602,42.7954256]},"properties":{"x":"http://www.wikidata.org/entity/Q141109650","rhm_link":"https://registersofia.bg/?option=com_monuments&view=monument&formdata[id]=661","xLabel":"На загиналите във Втората световна война, заключителна фаза (и в съпротивителното движение) от с. Локорско. Военен паметник. Архитектурно-скулптурен ансамбъл","rhmId":"661"}},{"type":"Feature","geometry":{"type":"Point","coordinates":[23.4113027,42.7126557]},"properties":{"x":"http://www.wikidata.org/entity/Q141109655","rhm_link":"https://registersofia.bg/?option=com_monuments&view=monument&formdata[id]=669","xLabel":"На загиналите във Втората световна война, заключителна фаза (и в съпротивителното движение) от с. Нова Враждебна, паметна плоча. Военен паметник","rhmId":"669"}},{"type":"Feature","geometry":{"type":"Point","coordinates":[23.426419,42.758887]},"properties":{"x":"http://www.wikidata.org/entity/Q141109656","rhm_link":"https://registersofia.bg/?option=com_monuments&view=monument&formdata[id]=670","xLabel":"На загиналите във войните за национално обединение от с. Чепинци, паметна плоча. Военен паметник","rhmId":"670"}},{"type":"Feature","geometry":{"type":"Point","coordinates":[23.170584,42.599543]},"properties":{"x":"http://www.wikidata.org/entity/Q141109668","rhm_link":"https://registersofia.bg/?option=com_monuments&view=monument&formdata[id]=693","xLabel":"На загиналите във Втората световна война, заключителна фаза (в съпротивителното движение и др.) от с. Мърчаево. Военен паметник","rhmId":"693"}},{"type":"Feature","geometry":{"type":"Point","coordinates":[23.3384559,42.691999]},"properties":{"x":"http://www.wikidata.org/entity/Q141109679","rhm_link":"https://registersofia.bg/?option=com_monuments&view=monument&formdata[id]=706","xLabel":"Братя Прошек, паметник, скулптурен","rhmId":"706"}},{"type":"Feature","geometry":{"type":"Point","coordinates":[23.3230161,42.6884977]},"properties":{"x":"http://www.wikidata.org/entity/Q141109683","rhm_link":"https://registersofia.bg/?option=com_monuments&view=monument&formdata[id]=710","xLabel":"„На лекари и студенти по медицина, жертви на комунистическия терор (1944 – 1989)”","rhmId":"710"}},{"type":"Feature","geometry":{"type":"Point","coordinates":[23.3307294,42.6864554]},"properties":{"x":"http://www.wikidata.org/entity/Q141109686","rhm_link":"https://registersofia.bg/?option=com_monuments&view=monument&formdata[id]=715","xLabel":"Скулптурна група „Партизанин и съветски войн”, „Мост на Дружбата”","rhmId":"715"}},{"type":"Feature","geometry":{"type":"Point","coordinates":[23.3310251,42.6865701]},"properties":{"x":"http://www.wikidata.org/entity/Q141109688","rhm_link":"https://registersofia.bg/?option=com_monuments&view=monument&formdata[id]=717","xLabel":"Скулптурна група „Опълченец и руски войн”, „Мост на Дружбата”","rhmId":"717"}},{"type":"Feature","geometry":{"type":"Point","coordinates":[23.369226,42.674608]},"properties":{"x":"http://www.wikidata.org/entity/Q141109699","rhm_link":"https://registersofia.bg/?option=com_monuments&view=monument&formdata[id]=762","xLabel":"Марин Дринов, бюст-паметник","rhmId":"762"}},{"type":"Feature","geometry":{"type":"Point","coordinates":[23.3374252,42.6904186]},"properties":{"x":"http://www.wikidata.org/entity/Q141109701","rhm_link":"https://registersofia.bg/?option=com_monuments&view=monument&formdata[id]=783","xLabel":"Скулптурни фигури „Орли”, скулптурна украса, Орлов мост","rhmId":"783"}},{"type":"Feature","geometry":{"type":"Point","coordinates":[23.40222,42.688748]},"properties":{"x":"http://www.wikidata.org/entity/Q141109703","rhm_link":"https://registersofia.bg/?option=com_monuments&view=monument&formdata[id]=786","xLabel":"Константин Циолковски, бюст-паметник, Летище София","rhmId":"786"}},{"type":"Feature","geometry":{"type":"Point","coordinates":[23.2989579,42.7130025]},"properties":{"x":"http://www.wikidata.org/entity/Q141109705","rhm_link":"https://registersofia.bg/?option=com_monuments&view=monument&formdata[id]=788","xLabel":"Йосиф Щросмайер, епископ, бюст-паметник","rhmId":"788"}},{"type":"Feature","geometry":{"type":"Point","coordinates":[23.343245,42.68506]},"properties":{"x":"http://www.wikidata.org/entity/Q141109715","rhm_link":"https://registersofia.bg/?option=com_monuments&view=monument&formdata[id]=800","xLabel":"Скулптурна група „Черните забрадки”, Борисова градина","rhmId":"800"}},{"type":"Feature","geometry":{"type":"Point","coordinates":[23.304156,42.684981]},"properties":{"x":"http://www.wikidata.org/entity/Q141109732","rhm_link":"https://registersofia.bg/?option=com_monuments&view=monument&formdata[id]=823","xLabel":"Иван Костов Копчев, проф., ген-майор, бюст-паметник, ВМА","rhmId":"823"}},{"type":"Feature","geometry":{"type":"Point","coordinates":[23.34172,42.69317]},"properties":{"x":"http://www.wikidata.org/entity/Q141109745","rhm_link":"https://registersofia.bg/?option=com_monuments&view=monument&formdata[id]=857","xLabel":"Кирил Ботев Петков, паметна плоча с барелеф. Военен паметник","rhmId":"857"}},{"type":"Feature","geometry":{"type":"Point","coordinates":[23.3282215,42.7018136]},"properties":{"x":"http://www.wikidata.org/entity/Q141109747","rhm_link":"https://registersofia.bg/?option=com_monuments&view=monument&formdata[id]=858","xLabel":"Кръстьо Пастухов, паметна плоча","rhmId":"858"}},{"type":"Feature","geometry":{"type":"Point","coordinates":[23.316681,42.7076292]},"properties":{"x":"http://www.wikidata.org/entity/Q141109756","rhm_link":"https://registersofia.bg/?option=com_monuments&view=monument&formdata[id]=874","xLabel":"Райна Попгеоргиева (Княгиня), паметна плоча","rhmId":"874"}},{"type":"Feature","geometry":{"type":"Point","coordinates":[23.31849,42.708132]},"properties":{"x":"http://www.wikidata.org/entity/Q141109757","rhm_link":"https://registersofia.bg/?option=com_monuments&view=monument&formdata[id]=875","xLabel":"Скулптурна група - рибарчета","rhmId":"875"}},{"type":"Feature","geometry":{"type":"Point","coordinates":[23.3169263,42.7130047]},"properties":{"x":"http://www.wikidata.org/entity/Q141109759","rhm_link":"https://registersofia.bg/?option=com_monuments&view=monument&formdata[id]=877","xLabel":"Цар Борис III, паметна плоча с барелеф. Военен паметник","rhmId":"877"}},{"type":"Feature","geometry":{"type":"Point","coordinates":[23.351041,42.6858748]},"properties":{"x":"http://www.wikidata.org/entity/Q141109780","rhm_link":"https://registersofia.bg/?option=com_monuments&view=monument&formdata[id]=905","xLabel":"Михаил Еминеску, свободностоящ паметен знак с барелеф","rhmId":"905"}},{"type":"Feature","geometry":{"type":"Point","coordinates":[23.376494,42.809645]},"properties":{"x":"http://www.wikidata.org/entity/Q141109826","rhm_link":"https://registersofia.bg/?option=com_monuments&view=monument&formdata[id]=1026","xLabel":"Веска Гълъбова – Надя, Спасена Милева – Цена, паметник, лобно място","rhmId":"1026"}},{"type":"Feature","geometry":{"type":"Point","coordinates":[23.339031,42.6884125]},"properties":{"x":"http://www.wikidata.org/entity/Q141109828","rhm_link":"https://registersofia.bg/?option=com_monuments&view=monument&formdata[id]=1028","xLabel":"Петко Войвода, капитан, бюст-паметник, Борисова градина","rhmId":"1028"}},{"type":"Feature","geometry":{"type":"Point","coordinates":[23.322168,42.6999336]},"properties":{"x":"http://www.wikidata.org/entity/Q141109857","rhm_link":"https://registersofia.bg/?option=com_monuments&view=monument&formdata[id]=1081","xLabel":"Герб на София, каменен релеф, Халите","rhmId":"1081"}},{"type":"Feature","geometry":{"type":"Point","coordinates":[23.2947475,42.6834899]},"properties":{"x":"http://www.wikidata.org/entity/Q141109865","rhm_link":"https://registersofia.bg/?option=com_monuments&view=monument&formdata[id]=1091","xLabel":"Скулптура, абстрактна, ОКИ „Красно село”","rhmId":"1091"}},{"type":"Feature","geometry":{"type":"Point","coordinates":[23.308398,42.688788]},"properties":{"x":"http://www.wikidata.org/entity/Q141109875","rhm_link":"https://registersofia.bg/?option=com_monuments&view=monument&formdata[id]=1103","xLabel":"Евтим Евтимов, Романьола Мирославова, паметна плоча","rhmId":"1103"}},{"type":"Feature","geometry":{"type":"Point","coordinates":[23.295059,42.581522]},"properties":{"x":"http://www.wikidata.org/entity/Q141109884","rhm_link":"https://registersofia.bg/?option=com_monuments&view=monument&formdata[id]=1142","xLabel":"Чешма, Природен парк „Витоша”","rhmId":"1142"}},{"type":"Feature","geometry":{"type":"Point","coordinates":[23.298979,42.619399]},"properties":{"x":"http://www.wikidata.org/entity/Q141109888","rhm_link":"https://registersofia.bg/?option=com_monuments&view=monument&formdata[id]=1146","xLabel":"Васил Левски, свободностоящ паметен знак, Драгалевски манастир","rhmId":"1146"}},{"type":"Feature","geometry":{"type":"Point","coordinates":[23.3248546,42.6957453]},"properties":{"x":"http://www.wikidata.org/entity/Q141109889","rhm_link":"https://registersofia.bg/?option=com_monuments&view=monument&formdata[id]=1149","xLabel":"Фасадна скулптура – Бог Аполон и Богиня на плодородието, Българска народна банка","rhmId":"1149"}},{"type":"Feature","geometry":{"type":"Point","coordinates":[23.422021,42.801832]},"properties":{"x":"http://www.wikidata.org/entity/Q141109907","rhm_link":"https://registersofia.bg/?option=com_monuments&view=monument&formdata[id]=1201","xLabel":"НА ЗАГИНАЛИТЕ ВЪВ ВОЙНИТЕ ЗА НАЦИОНАЛНО ОБЕДИНЕНИЕ ОТ С. ВОЙНЕГОВЦИ. ВОЕНЕН ПАМЕТНИК","rhmId":"1201"}},{"type":"Feature","geometry":{"type":"Point","coordinates":[23.3415721,42.6908036]},"properties":{"x":"http://www.wikidata.org/entity/Q141109952","rhm_link":"https://registersofia.bg/?option=com_monuments&view=monument&formdata[id]=160","xLabel":"Илия Бешков, паметна плоча","rhmId":"160"}},{"type":"Feature","geometry":{"type":"Point","coordinates":[23.3245768,42.6905068]},"properties":{"x":"http://www.wikidata.org/entity/Q141109954","rhm_link":"https://registersofia.bg/?option=com_monuments&view=monument&formdata[id]=163","xLabel":"Михаил Попов, паметна плоча","rhmId":"163"}},{"type":"Feature","geometry":{"type":"Point","coordinates":[23.3226201,42.6921712]},"properties":{"x":"http://www.wikidata.org/entity/Q141109956","rhm_link":"https://registersofia.bg/?option=com_monuments&view=monument&formdata[id]=167","xLabel":"Райко Даскалов, бюст-паметник","rhmId":"167"}},{"type":"Feature","geometry":{"type":"Point","coordinates":[23.3343723,42.6823642]},"properties":{"x":"http://www.wikidata.org/entity/Q141109977","rhm_link":"https://registersofia.bg/?option=com_monuments&view=monument&formdata[id]=193","xLabel":"Димо Велев, акад., паметна плоча","rhmId":"193"}},{"type":"Feature","geometry":{"type":"Point","coordinates":[23.323462,42.694012]},"properties":{"x":"http://www.wikidata.org/entity/Q141110007","rhm_link":"https://registersofia.bg/?option=com_monuments&view=monument&formdata[id]=226","xLabel":"Стефан Караджа, релеф","rhmId":"226"}},{"type":"Feature","geometry":{"type":"Point","coordinates":[23.34191,42.690746]},"properties":{"x":"http://www.wikidata.org/entity/Q141110011","rhm_link":"https://registersofia.bg/?option=com_monuments&view=monument&formdata[id]=264","xLabel":"Илия Бояджиев, паметна плоча","rhmId":"264"}},{"type":"Feature","geometry":{"type":"Point","coordinates":[23.3306,42.694562]},"properties":{"x":"http://www.wikidata.org/entity/Q141110031","rhm_link":"https://registersofia.bg/?option=com_monuments&view=monument&formdata[id]=301","xLabel":"Методи Д. Славчев, д-р, паметна плоча","rhmId":"301"}},{"type":"Feature","geometry":{"type":"Point","coordinates":[23.330383,42.688353]},"properties":{"x":"http://www.wikidata.org/entity/Q141110034","rhm_link":"https://registersofia.bg/?option=com_monuments&view=monument&formdata[id]=306","xLabel":"Недялка Симеонова, проф., паметна плоча","rhmId":"306"}},{"type":"Feature","geometry":{"type":"Point","coordinates":[23.3319629,42.6942425]},"properties":{"x":"http://www.wikidata.org/entity/Q141110040","rhm_link":"https://registersofia.bg/?option=com_monuments&view=monument&formdata[id]=352","xLabel":"Марин Дринов, паметна плоча с барелеф, БАН","rhmId":"352"}},{"type":"Feature","geometry":{"type":"Point","coordinates":[23.323179,42.6895]},"properties":{"x":"http://www.wikidata.org/entity/Q141110042","rhm_link":"https://registersofia.bg/?option=com_monuments&view=monument&formdata[id]=354","xLabel":"Петко и Пенчо Славейкови, паметна плоча с барелеф","rhmId":"354"}},{"type":"Feature","geometry":{"type":"Point","coordinates":[23.327539,42.693067]},"properties":{"x":"http://www.wikidata.org/entity/Q141110044","rhm_link":"https://registersofia.bg/?option=com_monuments&view=monument&formdata[id]=356","xLabel":"Иван Вазов, паметна плоча с барелеф","rhmId":"356"}},{"type":"Feature","geometry":{"type":"Point","coordinates":[23.352464,42.687029]},"properties":{"x":"http://www.wikidata.org/entity/Q141110049","rhm_link":"https://registersofia.bg/?option=com_monuments&view=monument&formdata[id]=361","xLabel":"Владимир Башев, паметна плоча с релеф","rhmId":"361"}},{"type":"Feature","geometry":{"type":"Point","coordinates":[23.3217,42.693695]},"properties":{"x":"http://www.wikidata.org/entity/Q141110054","rhm_link":"https://registersofia.bg/?option=com_monuments&view=monument&formdata[id]=367","xLabel":"Михайло Драгоманов, проф., паметна плоча","rhmId":"367"}},{"type":"Feature","geometry":{"type":"Point","coordinates":[23.348529,42.672714]},"properties":{"x":"http://www.wikidata.org/entity/Q141110074","rhm_link":"https://registersofia.bg/?option=com_monuments&view=monument&formdata[id]=747","xLabel":"„Хосе Марти – Христо Ботев”, свободностоящ паметен знак","rhmId":"747"}},{"type":"Feature","geometry":{"type":"Point","coordinates":[23.3226739,42.6829773]},"properties":{"x":"http://www.wikidata.org/entity/Q141110113","rhm_link":"https://registersofia.bg/?option=com_monuments&view=monument&formdata[id]=834","xLabel":"Илия Минев, паметник","rhmId":"834"}},{"type":"Feature","geometry":{"type":"Point","coordinates":[23.3384355,42.6980279]},"properties":{"x":"http://www.wikidata.org/entity/Q141110152","rhm_link":"https://registersofia.bg/?option=com_monuments&view=monument&formdata[id]=1163","xLabel":"„Статистическа гора. 140 години българска статистика”, свободностоящ паметен знак, парк „Заимов”","rhmId":"1163"}},{"type":"Feature","geometry":{"type":"Point","coordinates":[23.330728,42.696541]},"properties":{"x":"http://www.wikidata.org/entity/Q141110170","rhm_link":"https://registersofia.bg/?option=com_monuments&view=monument&formdata[id]=1194","xLabel":"Чешма със скулптурна група „Св. Георги Победоносец”","rhmId":"1194"}},{"type":"Feature","geometry":{"type":"Point","coordinates":[23.324641,42.6997209]},"properties":{"x":"http://www.wikidata.org/entity/Q141110180","rhm_link":"https://registersofia.bg/?option=com_monuments&view=monument&formdata[id]=1225","xLabel":"„Сердика“, монументална стенопис (сграфито)","rhmId":"1225"}},{"type":"Feature","geometry":{"type":"Point","coordinates":[23.317903,42.693417]},"properties":{"x":"http://www.wikidata.org/entity/Q141110292","rhm_link":"https://registersofia.bg/?option=com_monuments&view=monument&formdata[id]=381","xLabel":"Доньо Донев, паметна плоча","rhmId":"381"}},{"type":"Feature","geometry":{"type":"Point","coordinates":[23.319058,42.689793]},"properties":{"x":"http://www.wikidata.org/entity/Q141110308","rhm_link":"https://registersofia.bg/?option=com_monuments&view=monument&formdata[id]=394","xLabel":"Симеон Пиронков, паметна плоча","rhmId":"394"}},{"type":"Feature","geometry":{"type":"Point","coordinates":[23.2933969,42.6913775]},"properties":{"x":"http://www.wikidata.org/entity/Q141110349","rhm_link":"https://registersofia.bg/?option=com_monuments&view=monument&formdata[id]=495","xLabel":"Монументална стенопис (сграфито), Дневен център за лица с ментални увреждания „Света Марина”","rhmId":"495"}},{"type":"Feature","geometry":{"type":"Point","coordinates":[23.380272,42.659739]},"properties":{"x":"http://www.wikidata.org/entity/Q141110371","rhm_link":"https://registersofia.bg/?option=com_monuments&view=monument&formdata[id]=565","xLabel":"„В знак на приятелството между българи и еврей“, свободностоящ паметен знак","rhmId":"565"}},{"type":"Feature","geometry":{"type":"Point","coordinates":[23.3080945,42.672604]},"properties":{"x":"http://www.wikidata.org/entity/Q141110372","rhm_link":"https://registersofia.bg/?option=com_monuments&view=monument&formdata[id]=566","xLabel":"Роналд Рейгън, бюст-паметник, Южен парк","rhmId":"566"}},{"type":"Feature","geometry":{"type":"Point","coordinates":[23.308154,42.6726928]},"properties":{"x":"http://www.wikidata.org/entity/Q141110376","rhm_link":"https://registersofia.bg/?option=com_monuments&view=monument&formdata[id]=570","xLabel":"Скулптура „Конникът\"\", Южен парк","rhmId":"570"}},{"type":"Feature","geometry":{"type":"Point","coordinates":[23.148002,42.707301]},"properties":{"x":"http://www.wikidata.org/entity/Q141110384","rhm_link":"https://registersofia.bg/?option=com_monuments&view=monument&formdata[id]=602","xLabel":"Стефан Стамболов, бюст-паметник","rhmId":"602"}},{"type":"Feature","geometry":{"type":"Point","coordinates":[23.247056,42.660153]},"properties":{"x":"http://www.wikidata.org/entity/Q141110448","rhm_link":"https://registersofia.bg/?option=com_monuments&view=monument&formdata[id]=1134","xLabel":"Монументален релеф, кв. „Княжево”","rhmId":"1134"}},{"type":"Feature","geometry":{"type":"Point","coordinates":[23.225445,42.636349]},"properties":{"x":"http://www.wikidata.org/entity/Q141110454","rhm_link":"https://registersofia.bg/?option=com_monuments&view=monument&formdata[id]=1139","xLabel":"Скулптурна фигура – Мечка, Природен парк „Витоша”","rhmId":"1139"}},{"type":"Feature","geometry":{"type":"Point","coordinates":[23.405447,42.768845]},"properties":{"x":"http://www.wikidata.org/entity/Q141110488","rhm_link":"https://registersofia.bg/?option=com_monuments&view=monument&formdata[id]=657","xLabel":"На загиналите във войните за национално обединение от с. Негован. Военен паметник","rhmId":"657"}},{"type":"Feature","geometry":{"type":"Point","coordinates":[23.348513,42.702253]},"properties":{"x":"http://www.wikidata.org/entity/Q141110497","rhm_link":"https://registersofia.bg/?option=com_monuments&view=monument&formdata[id]=686","xLabel":"На загиналите във Втората световна война, заключителна фаза (в съпротивителното движение и др.) от кв. „Подуяне”. Военен паметник","rhmId":"686"}},{"type":"Feature","geometry":{"type":"Point","coordinates":[23.340746,42.611226]},"properties":{"x":"http://www.wikidata.org/entity/Q141110498","rhm_link":"https://registersofia.bg/?option=com_monuments&view=monument&formdata[id]=690","xLabel":"На загиналите във войните за национално обединение и във Втората световна война, заключителна фаза от кв. „Симеоново”. Военен паметник","rhmId":"690"}},{"type":"Feature","geometry":{"type":"Point","coordinates":[23.3157747,42.6863184]},"properties":{"x":"http://www.wikidata.org/entity/Q141110509","rhm_link":"https://registersofia.bg/?option=com_monuments&view=monument&formdata[id]=731","xLabel":"„Дар Божий”, монументална стенопис","rhmId":"731"}},{"type":"Feature","geometry":{"type":"Point","coordinates":[23.3540349,42.675271]},"properties":{"x":"http://www.wikidata.org/entity/Q141110510","rhm_link":"https://registersofia.bg/?option=com_monuments&view=monument&formdata[id]=732","xLabel":"Ненко Балкански, проф., паметна плоча","rhmId":"732"}},{"type":"Feature","geometry":{"type":"Point","coordinates":[23.2704481,42.6555245]},"properties":{"x":"http://www.wikidata.org/entity/Q141110525","rhm_link":"https://registersofia.bg/?option=com_monuments&view=monument&formdata[id]=740","xLabel":"Свободно-стоящи паметни знаци, НИМ","rhmId":"740"}},{"type":"Feature","geometry":{"type":"Point","coordinates":[23.334358,42.688111]},"properties":{"x":"http://www.wikidata.org/entity/Q141110552","rhm_link":"https://registersofia.bg/?option=com_monuments&view=monument&formdata[id]=929","xLabel":"Александър Томов Лазаров, класическа борба, 1971 г., Национален стадион „Васил Левски”, паметна плоча","rhmId":"929"}},{"type":"Feature","geometry":{"type":"Point","coordinates":[23.4258155,42.7589204]},"properties":{"x":"http://www.wikidata.org/entity/Q141110588","rhm_link":"https://registersofia.bg/?option=com_monuments&view=monument&formdata[id]=979","xLabel":"На загиналите във Втората световна война, заключителна фаза (в съпротивителното движение и др.) от с. Чепинци. Военен паметник","rhmId":"979"}},{"type":"Feature","geometry":{"type":"Point","coordinates":[23.328059,42.693273]},"properties":{"x":"http://www.wikidata.org/entity/Q141110597","rhm_link":"https://registersofia.bg/?option=com_monuments&view=monument&formdata[id]=1016","xLabel":"Младен Киселов, барелеф-интериор, Театър 199 „Валентин Стойчев“","rhmId":"1016"}},{"type":"Feature","geometry":{"type":"Point","coordinates":[23.329496,42.695209]},"properties":{"x":"http://www.wikidata.org/entity/Q141114860","rhm_link":"https://registersofia.bg/?option=com_monuments&view=monument&formdata[id]=225","xLabel":"Георги С. Раковски, орелеф","rhmId":"225"}},{"type":"Feature","geometry":{"type":"Point","coordinates":[23.3371405,42.693278]},"properties":{"x":"http://www.wikidata.org/entity/Q141114864","rhm_link":"https://registersofia.bg/?option=com_monuments&view=monument&formdata[id]=430","xLabel":"Монументална стенопис (сграфито), Централен дом на архитекта","rhmId":"430"}},{"type":"Feature","geometry":{"type":"Point","coordinates":[23.2946778,42.6832943]},"properties":{"x":"http://www.wikidata.org/entity/Q141114892","rhm_link":"https://registersofia.bg/?option=com_monuments&view=monument&formdata[id]=1094","xLabel":"Скулптура, абстрактна, ОКИ „Красно село”","rhmId":"1094"}},{"type":"Feature","geometry":{"type":"Point","coordinates":[23.238197,42.612161]},"properties":{"x":"http://www.wikidata.org/entity/Q141114896","rhm_link":"https://registersofia.bg/?option=com_monuments&view=monument&formdata[id]=1138","xLabel":"Чешма","rhmId":"1138"}},{"type":"Feature","geometry":{"type":"Point","coordinates":[23.33146389,42.69633333]},"properties":{"x":"http://www.wikidata.org/entity/Q585900","rhm_link":"https://registersofia.bg/?option=com_monuments&view=monument&formdata[id]=1023","xLabel":"Паметник на Незнайния воин","rhmId":"1023"}},{"type":"Feature","geometry":{"type":"Point","coordinates":[23.33526111,42.69666111]},"properties":{"x":"http://www.wikidata.org/entity/Q1703313","rhm_link":"https://registersofia.bg/?option=com_monuments&view=monument&formdata[id]=414","xLabel":"Паметник на Васил Левски","rhmId":"414"}},{"type":"Feature","geometry":{"type":"Point","coordinates":[23.32,42.686388888]},"properties":{"x":"http://www.wikidata.org/entity/Q12286470","rhm_link":"https://registersofia.bg/?option=com_monuments&view=monument&formdata[id]=516","xLabel":"Мемориал на жертвите на комунистическия режим в България","rhmId":"516"}},{"type":"Feature","geometry":{"type":"Point","coordinates":[23.34184,42.68614]},"properties":{"x":"http://www.wikidata.org/entity/Q92616247","rhm_link":"https://registersofia.bg/?option=com_monuments&view=monument&formdata[id]=425","xLabel":"Бюст-паметник на Пенчо Славейков","rhmId":"425"}},{"type":"Feature","geometry":{"type":"Point","coordinates":[23.34119,42.68664]},"properties":{"x":"http://www.wikidata.org/entity/Q92617547","rhm_link":"https://registersofia.bg/?option=com_monuments&view=monument&formdata[id]=424","xLabel":"Бюст-паметник на Любен Каравелов","rhmId":"424"}},{"type":"Feature","geometry":{"type":"Point","coordinates":[23.3425,42.685555555]},"properties":{"x":"http://www.wikidata.org/entity/Q92624938","rhm_link":"https://registersofia.bg/?option=com_monuments&view=monument&formdata[id]=590","xLabel":"Бюст-паметник на Стефан Тошев","rhmId":"590"}},{"type":"Feature","geometry":{"type":"Point","coordinates":[23.411666666,42.63825]},"properties":{"x":"http://www.wikidata.org/entity/Q130295307","rhm_link":"https://registersofia.bg/?option=com_monuments&view=monument&formdata[id]=822","xLabel":"надгробен паметник на редник павел красов","rhmId":"822"}},{"type":"Feature","geometry":{"type":"Point","coordinates":[23.306944444,42.69]},"properties":{"x":"http://www.wikidata.org/entity/Q130295315","rhm_link":"https://registersofia.bg/?option=com_monuments&view=monument&formdata[id]=405","xLabel":"паметна плоча на Николай Иванович Пирогов","rhmId":"405"}},{"type":"Feature","geometry":{"type":"Point","coordinates":[23.2631065,42.7123901]},"properties":{"x":"http://www.wikidata.org/entity/Q141109369","rhm_link":"https://registersofia.bg/?option=com_monuments&view=monument&formdata[id]=56","xLabel":"Индира Ганди, мозайка - интериор, 79 СОУ „Индира Ганди”","rhmId":"56"}},{"type":"Feature","geometry":{"type":"Point","coordinates":[23.34238,42.688465]},"properties":{"x":"http://www.wikidata.org/entity/Q141109394","rhm_link":"https://registersofia.bg/?option=com_monuments&view=monument&formdata[id]=91","xLabel":"Емануил Попдимитров","rhmId":"91"}},{"type":"Feature","geometry":{"type":"Point","coordinates":[23.2987352,42.7017571]},"properties":{"x":"http://www.wikidata.org/entity/Q141109443","rhm_link":"https://registersofia.bg/?option=com_monuments&view=monument&formdata[id]=240","xLabel":"Константин Величков, паметна плоча с барелеф - интериор","rhmId":"240"}},{"type":"Feature","geometry":{"type":"Point","coordinates":[23.338919,42.691775]},"properties":{"x":"http://www.wikidata.org/entity/Q141109448","rhm_link":"https://registersofia.bg/?option=com_monuments&view=monument&formdata[id]=247","xLabel":"Георги Стефанов Наджаков, акад., паметна плоча","rhmId":"247"}},{"type":"Feature","geometry":{"type":"Point","coordinates":[23.323773,42.68561]},"properties":{"x":"http://www.wikidata.org/entity/Q141109459","rhm_link":"https://registersofia.bg/?option=com_monuments&view=monument&formdata[id]=262","xLabel":"Иван Василев Марангозов, паметна плоча","rhmId":"262"}},{"type":"Feature","geometry":{"type":"Point","coordinates":[23.322295,42.68942]},"properties":{"x":"http://www.wikidata.org/entity/Q141109462","rhm_link":"https://registersofia.bg/?option=com_monuments&view=monument&formdata[id]=274","xLabel":"Лазар Нишков, о.з. полковник и Константин Муравиев, паметна плоча. Военен паметник","rhmId":"274"}},{"type":"Feature","geometry":{"type":"Point","coordinates":[23.324684,42.69063]},"properties":{"x":"http://www.wikidata.org/entity/Q141109466","rhm_link":"https://registersofia.bg/?option=com_monuments&view=monument&formdata[id]=278","xLabel":"Красимир Ив. Гатев, проф., паметна плоча","rhmId":"278"}},{"type":"Feature","geometry":{"type":"Point","coordinates":[23.330145,42.689741]},"properties":{"x":"http://www.wikidata.org/entity/Q141109467","rhm_link":"https://registersofia.bg/?option=com_monuments&view=monument&formdata[id]=279","xLabel":"Крум Пенев, паметна плоча","rhmId":"279"}},{"type":"Feature","geometry":{"type":"Point","coordinates":[23.32617,42.687318]},"properties":{"x":"http://www.wikidata.org/entity/Q141109499","rhm_link":"https://registersofia.bg/?option=com_monuments&view=monument&formdata[id]=328","xLabel":"Стефан Г. Христов, акад., паметна плоча","rhmId":"328"}},{"type":"Feature","geometry":{"type":"Point","coordinates":[23.32487,42.698072]},"properties":{"x":"http://www.wikidata.org/entity/Q141109534","rhm_link":"https://registersofia.bg/?option=com_monuments&view=monument&formdata[id]=447","xLabel":"Иван Евстратиев Гешов, акад., паметна плоча","rhmId":"447"}},{"type":"Feature","geometry":{"type":"Point","coordinates":[23.328016,42.698149]},"properties":{"x":"http://www.wikidata.org/entity/Q141109541","rhm_link":"https://registersofia.bg/?option=com_monuments&view=monument&formdata[id]=454","xLabel":"Никола Милев, паметна плоча","rhmId":"454"}},{"type":"Feature","geometry":{"type":"Point","coordinates":[23.337767,42.69534]},"properties":{"x":"http://www.wikidata.org/entity/Q141109554","rhm_link":"https://registersofia.bg/?option=com_monuments&view=monument&formdata[id]=470","xLabel":"Йовка и Дончо Палавееви, паметна плоча","rhmId":"470"}},{"type":"Feature","geometry":{"type":"Point","coordinates":[23.344389,42.694725]},"properties":{"x":"http://www.wikidata.org/entity/Q141109567","rhm_link":"https://registersofia.bg/?option=com_monuments&view=monument&formdata[id]=491","xLabel":"Христо Калчев, паметна плоча","rhmId":"491"}},{"type":"Feature","geometry":{"type":"Point","coordinates":[23.313296,42.732875]},"properties":{"x":"http://www.wikidata.org/entity/Q141109568","rhm_link":"https://registersofia.bg/?option=com_monuments&view=monument&formdata[id]=493","xLabel":"Монументална стенопис (сграфито), ПГХМБТ „проф. Пенчо Райков“","rhmId":"493"}},{"type":"Feature","geometry":{"type":"Point","coordinates":[23.39995,42.652666]},"properties":{"x":"http://www.wikidata.org/entity/Q141109572","rhm_link":"https://registersofia.bg/?option=com_monuments&view=monument&formdata[id]=502","xLabel":"Монументална стенопис (сграфито), ОДЗ №85 „Звездичка“","rhmId":"502"}},{"type":"Feature","geometry":{"type":"Point","coordinates":[23.399853,42.65169]},"properties":{"x":"http://www.wikidata.org/entity/Q141109573","rhm_link":"https://registersofia.bg/?option=com_monuments&view=monument&formdata[id]=503","xLabel":"Монументална стенопис (сграфито), ОДЗ №144 „Ханс К. Андерсен“","rhmId":"503"}},{"type":"Feature","geometry":{"type":"Point","coordinates":[23.372101,42.685938]},"properties":{"x":"http://www.wikidata.org/entity/Q141109575","rhm_link":"https://registersofia.bg/?option=com_monuments&view=monument&formdata[id]=507","xLabel":"Монументална стенопис (сграфито), 148 ОУ „проф. Любомир Милетич“","rhmId":"507"}},{"type":"Feature","geometry":{"type":"Point","coordinates":[23.3229855,42.692285]},"properties":{"x":"http://www.wikidata.org/entity/Q141109583","rhm_link":"https://registersofia.bg/?option=com_monuments&view=monument&formdata[id]=517","xLabel":"На загиналите във Втората световна война, заключителна фаза от центъра. Военен паметник","rhmId":"517"}},{"type":"Feature","geometry":{"type":"Point","coordinates":[23.3423716,42.6967159]},"properties":{"x":"http://www.wikidata.org/entity/Q141109584","rhm_link":"https://registersofia.bg/?option=com_monuments&view=monument&formdata[id]=518","xLabel":"На загиналите във Втората световна война, заключителна фаза от район „Оборище”. Военен паметник","rhmId":"518"}},{"type":"Feature","geometry":{"type":"Point","coordinates":[23.295871,42.7046]},"properties":{"x":"http://www.wikidata.org/entity/Q141109587","rhm_link":"https://registersofia.bg/?option=com_monuments&view=monument&formdata[id]=521","xLabel":"На загиналите във Втората световна война, заключителна фаза (и в съпротивителното движение) от район „Илинден“. Военен паметник, парк „Св. Троица”","rhmId":"521"}},{"type":"Feature","geometry":{"type":"Point","coordinates":[23.333343,42.6937109]},"properties":{"x":"http://www.wikidata.org/entity/Q141109596","rhm_link":"https://registersofia.bg/?option=com_monuments&view=monument&formdata[id]=531","xLabel":"На героите парашутисти, загинали във Втората световна война, заключителна фаза. Военен паметник, скулптурен","rhmId":"531"}},{"type":"Feature","geometry":{"type":"Point","coordinates":[23.348609,42.715556]},"properties":{"x":"http://www.wikidata.org/entity/Q141109602","rhm_link":"https://registersofia.bg/?option=com_monuments&view=monument&formdata[id]=538","xLabel":"На загиналите във войните за национално обединение от с. Малашевци. Военен паметник","rhmId":"538"}},{"type":"Feature","geometry":{"type":"Point","coordinates":[23.4078155,42.6264356]},"properties":{"x":"http://www.wikidata.org/entity/Q141109605","rhm_link":"https://registersofia.bg/?option=com_monuments&view=monument&formdata[id]=541","xLabel":"На загиналите във войните за национално обединение и във Втората световна война, заключителна фаза от с. Горубляне. Военен паметник","rhmId":"541"}},{"type":"Feature","geometry":{"type":"Point","coordinates":[23.338561,42.687762]},"properties":{"x":"http://www.wikidata.org/entity/Q141109616","rhm_link":"https://registersofia.bg/?option=com_monuments&view=monument&formdata[id]=588","xLabel":"Димитър Димов, бюст-паметник, Борисова градина","rhmId":"588"}},{"type":"Feature","geometry":{"type":"Point","coordinates":[23.559836,42.727944]},"properties":{"x":"http://www.wikidata.org/entity/Q141109653","rhm_link":"https://registersofia.bg/?option=com_monuments&view=monument&formdata[id]=666","xLabel":"На загиналите във Втората световна война, заключителна фаза (и в съпротивителното движение) от с. Яна. Военен паметник","rhmId":"666"}},{"type":"Feature","geometry":{"type":"Point","coordinates":[23.3121954,42.6786761]},"properties":{"x":"http://www.wikidata.org/entity/Q141109680","rhm_link":"https://registersofia.bg/?option=com_monuments&view=monument&formdata[id]=707","xLabel":"На летците - изтребители, загинали при отбраната на България през 1943-1944 г. Военен паметник. Паметник, скулптурен.","rhmId":"707"}},{"type":"Feature","geometry":{"type":"Point","coordinates":[23.3450576,42.6923975]},"properties":{"x":"http://www.wikidata.org/entity/Q141109681","rhm_link":"https://registersofia.bg/?option=com_monuments&view=monument&formdata[id]=708","xLabel":"Борис Дрангов, полковник. Военен паметник, скулптурен, Военна академия","rhmId":"708"}},{"type":"Feature","geometry":{"type":"Point","coordinates":[23.342461,42.685175]},"properties":{"x":"http://www.wikidata.org/entity/Q141109716","rhm_link":"https://registersofia.bg/?option=com_monuments&view=monument&formdata[id]=801","xLabel":"Скулптурни фигури, „Езерото с лилийте”, Борисова градина","rhmId":"801"}},{"type":"Feature","geometry":{"type":"Point","coordinates":[23.3236758,42.6923833]},"properties":{"x":"http://www.wikidata.org/entity/Q141109720","rhm_link":"https://registersofia.bg/?option=com_monuments&view=monument&formdata[id]=805","xLabel":"Петко Каравелов, паметна плоча","rhmId":"805"}},{"type":"Feature","geometry":{"type":"Point","coordinates":[23.3453,42.685709]},"properties":{"x":"http://www.wikidata.org/entity/Q141109760","rhm_link":"https://registersofia.bg/?option=com_monuments&view=monument&formdata[id]=878","xLabel":"„115 години БТА, бележити личности”, паметна плоча","rhmId":"878"}},{"type":"Feature","geometry":{"type":"Point","coordinates":[23.253202,42.602406]},"properties":{"x":"http://www.wikidata.org/entity/Q141109771","rhm_link":"https://registersofia.bg/?option=com_monuments&view=monument&formdata[id]=894","xLabel":"Филип Аврамов, бюст-паметник, х. „Планинарска песен”, Природен парк „Витоша”","rhmId":"894"}},{"type":"Feature","geometry":{"type":"Point","coordinates":[23.25034,42.717918]},"properties":{"x":"http://www.wikidata.org/entity/Q141109775","rhm_link":"https://registersofia.bg/?option=com_monuments&view=monument&formdata[id]=900","xLabel":"Йордан Бинев, майор, Красимир Трошанов, Ангел Ангелов, мл. лейтенанти, свободностоящ паметен знак, лобно място","rhmId":"900"}},{"type":"Feature","geometry":{"type":"Point","coordinates":[23.353152,42.684791]},"properties":{"x":"http://www.wikidata.org/entity/Q141109782","rhm_link":"https://registersofia.bg/?option=com_monuments&view=monument&formdata[id]=907","xLabel":"Фонтан със скулптурна фигура - рибарче","rhmId":"907"}},{"type":"Feature","geometry":{"type":"Point","coordinates":[23.26965,42.676885]},"properties":{"x":"http://www.wikidata.org/entity/Q141109784","rhm_link":"https://registersofia.bg/?option=com_monuments&view=monument&formdata[id]=912","xLabel":"Кирил Кирчев, доц., д-р, София Фридлянд-Кирчева, проф., д-р, Нац. спец. болница за физикална терапия и рехабилитация, паметна плоча","rhmId":"912"}},{"type":"Feature","geometry":{"type":"Point","coordinates":[23.3470237,42.6949486]},"properties":{"x":"http://www.wikidata.org/entity/Q141109795","rhm_link":"https://registersofia.bg/?option=com_monuments&view=monument&formdata[id]=978","xLabel":"Германско училище - София, Станчо Белковски, проф., арх., паметна плоча, строителен надпис, НМА „проф. Панчо Владигеров”","rhmId":"978"}},{"type":"Feature","geometry":{"type":"Point","coordinates":[23.3529062,42.8250554]},"properties":{"x":"http://www.wikidata.org/entity/Q141109796","rhm_link":"https://registersofia.bg/?option=com_monuments&view=monument&formdata[id]=981","xLabel":"Васил Левски, бюст-паметник, 170 СОУ „Васил Левски”","rhmId":"981"}},{"type":"Feature","geometry":{"type":"Point","coordinates":[23.342146,42.799587]},"properties":{"x":"http://www.wikidata.org/entity/Q141109798","rhm_link":"https://registersofia.bg/?option=com_monuments&view=monument&formdata[id]=984","xLabel":"Елин Пелин и кумаришките шопи, паметна плоча","rhmId":"984"}},{"type":"Feature","geometry":{"type":"Point","coordinates":[23.3328219,42.6868672]},"properties":{"x":"http://www.wikidata.org/entity/Q141109816","rhm_link":"https://registersofia.bg/?option=com_monuments&view=monument&formdata[id]=1008","xLabel":"Скулптурна фигура - хокеист–вратар, Борисова градина","rhmId":"1008"}},{"type":"Feature","geometry":{"type":"Point","coordinates":[23.529833,42.719133]},"properties":{"x":"http://www.wikidata.org/entity/Q141109818","rhm_link":"https://registersofia.bg/?option=com_monuments&view=monument&formdata[id]=1011","xLabel":"Чешма, паркова, село Горни Богров","rhmId":"1011"}},{"type":"Feature","geometry":{"type":"Point","coordinates":[23.40335,42.802814]},"properties":{"x":"http://www.wikidata.org/entity/Q141109835","rhm_link":"https://registersofia.bg/?option=com_monuments&view=monument&formdata[id]=1047","xLabel":"На загиналите във Втората световна война, заключителна фаза (и в съпротивителното движение) от с. Подгумер, свободностоящ паметен знак. Военен паметник","rhmId":"1047"}},{"type":"Feature","geometry":{"type":"Point","coordinates":[23.278821,42.674219]},"properties":{"x":"http://www.wikidata.org/entity/Q141109851","rhm_link":"https://registersofia.bg/?option=com_monuments&view=monument&formdata[id]=1073","xLabel":"Скулптурна фигура - младеж","rhmId":"1073"}},{"type":"Feature","geometry":{"type":"Point","coordinates":[23.33543,42.695569]},"properties":{"x":"http://www.wikidata.org/entity/Q141109852","rhm_link":"https://registersofia.bg/?option=com_monuments&view=monument&formdata[id]=1076","xLabel":"Павел Вежинов, паметна плоча","rhmId":"1076"}},{"type":"Feature","geometry":{"type":"Point","coordinates":[23.3242042,42.6917129]},"properties":{"x":"http://www.wikidata.org/entity/Q141109861","rhm_link":"https://registersofia.bg/?option=com_monuments&view=monument&formdata[id]=1087","xLabel":"Кавалетна скулптура – сова - интериор, Столична библиотека","rhmId":"1087"}},{"type":"Feature","geometry":{"type":"Point","coordinates":[23.320547,42.695115]},"properties":{"x":"http://www.wikidata.org/entity/Q141109876","rhm_link":"https://registersofia.bg/?option=com_monuments&view=monument&formdata[id]=1104","xLabel":"Съдебна палата, Пенчо Койчев, арх., Любомир Семерджиев, арх., паметна плоча, строителен надпис","rhmId":"1104"}},{"type":"Feature","geometry":{"type":"Point","coordinates":[23.3169915,42.695873]},"properties":{"x":"http://www.wikidata.org/entity/Q141109877","rhm_link":"https://registersofia.bg/?option=com_monuments&view=monument&formdata[id]=1105","xLabel":"Скулптурна фигура – бик, Българска фондова борса","rhmId":"1105"}},{"type":"Feature","geometry":{"type":"Point","coordinates":[23.3284834,42.6883416]},"properties":{"x":"http://www.wikidata.org/entity/Q141109904","rhm_link":"https://registersofia.bg/?option=com_monuments&view=monument&formdata[id]=1196","xLabel":"Чешма пред Нотариата","rhmId":"1196"}},{"type":"Feature","geometry":{"type":"Point","coordinates":[23.3083619,42.6719836]},"properties":{"x":"http://www.wikidata.org/entity/Q141109917","rhm_link":"https://registersofia.bg/?option=com_monuments&view=monument&formdata[id]=1217","xLabel":"Скулптури „Богове на медицината – Асклепий, Паницея, Хигия“, Южен парк","rhmId":"1217"}},{"type":"Feature","geometry":{"type":"Point","coordinates":[23.34278,42.684945]},"properties":{"x":"http://www.wikidata.org/entity/Q141109925","rhm_link":"https://registersofia.bg/?option=com_monuments&view=monument&formdata[id]=1229","xLabel":"Чешма със скулптурни фигури – Мече и пингвини, Борисова градина","rhmId":"1229"}},{"type":"Feature","geometry":{"type":"Point","coordinates":[23.3320939,42.6890943]},"properties":{"x":"http://www.wikidata.org/entity/Q141109968","rhm_link":"https://registersofia.bg/?option=com_monuments&view=monument&formdata[id]=182","xLabel":"Веселин Бешевлиев, проф., д-р, паметна плоча","rhmId":"182"}},{"type":"Feature","geometry":{"type":"Point","coordinates":[23.329975,42.686444]},"properties":{"x":"http://www.wikidata.org/entity/Q141110009","rhm_link":"https://registersofia.bg/?option=com_monuments&view=monument&formdata[id]=258","xLabel":"Златка Дъбова и Христо Нейков, паметна плоча","rhmId":"258"}},{"type":"Feature","geometry":{"type":"Point","coordinates":[23.325007,42.696544]},"properties":{"x":"http://www.wikidata.org/entity/Q141110026","rhm_link":"https://registersofia.bg/?option=com_monuments&view=monument&formdata[id]=295","xLabel":"Иван Васильов и Димитър Цолов, „Построяване на БНБ”, паметна плоча с барелеф","rhmId":"295"}},{"type":"Feature","geometry":{"type":"Point","coordinates":[23.329184,42.693048]},"properties":{"x":"http://www.wikidata.org/entity/Q141110033","rhm_link":"https://registersofia.bg/?option=com_monuments&view=monument&formdata[id]=304","xLabel":"Михаил Арнаудов, акад., паметна плоча","rhmId":"304"}},{"type":"Feature","geometry":{"type":"Point","coordinates":[23.3436574,42.692423]},"properties":{"x":"http://www.wikidata.org/entity/Q141110036","rhm_link":"https://registersofia.bg/?option=com_monuments&view=monument&formdata[id]=334","xLabel":"Васил Чакаларов, паметна плоча. Военен паметник","rhmId":"334"}},{"type":"Feature","geometry":{"type":"Point","coordinates":[23.323671,42.684438]},"properties":{"x":"http://www.wikidata.org/entity/Q141110052","rhm_link":"https://registersofia.bg/?option=com_monuments&view=monument&formdata[id]=364","xLabel":"Стоян Сотиров, паметна плоча","rhmId":"364"}},{"type":"Feature","geometry":{"type":"Point","coordinates":[23.241841,42.658916]},"properties":{"x":"http://www.wikidata.org/entity/Q141110081","rhm_link":"https://registersofia.bg/?option=com_monuments&view=monument&formdata[id]=753","xLabel":"На падналите във войните чинове от бившата школа за запасни подпоручици. Военен паметник.","rhmId":"753"}},{"type":"Feature","geometry":{"type":"Point","coordinates":[23.3132352,42.6952084]},"properties":{"x":"http://www.wikidata.org/entity/Q141110090","rhm_link":"https://registersofia.bg/?option=com_monuments&view=monument&formdata[id]=769","xLabel":"Кръст – Хачкар, паметник","rhmId":"769"}},{"type":"Feature","geometry":{"type":"Point","coordinates":[23.278406,42.563779]},"properties":{"x":"http://www.wikidata.org/entity/Q141110097","rhm_link":"https://registersofia.bg/?option=com_monuments&view=monument&formdata[id]=776","xLabel":"Алеко Константинов, паметна плоча с барелеф, Природен парк „Витоша”","rhmId":"776"}},{"type":"Feature","geometry":{"type":"Point","coordinates":[23.302852,42.684426]},"properties":{"x":"http://www.wikidata.org/entity/Q141110109","rhm_link":"https://registersofia.bg/?option=com_monuments&view=monument&formdata[id]=828","xLabel":"Пано, ВМА","rhmId":"828"}},{"type":"Feature","geometry":{"type":"Point","coordinates":[23.327804,42.696593]},"properties":{"x":"http://www.wikidata.org/entity/Q141110117","rhm_link":"https://registersofia.bg/?option=com_monuments&view=monument&formdata[id]=838","xLabel":"Фонтан със скулптурна фигура - момче с риба","rhmId":"838"}},{"type":"Feature","geometry":{"type":"Point","coordinates":[23.233052,42.716476]},"properties":{"x":"http://www.wikidata.org/entity/Q141110130","rhm_link":"https://registersofia.bg/?option=com_monuments&view=monument&formdata[id]=868","xLabel":"На загиналите войници от Транспортни войски, паметник","rhmId":"868"}},{"type":"Feature","geometry":{"type":"Point","coordinates":[23.347937,42.718544]},"properties":{"x":"http://www.wikidata.org/entity/Q141110132","rhm_link":"https://registersofia.bg/?option=com_monuments&view=monument&formdata[id]=872","xLabel":"Николай Райнов, барелеф - интериор, ПГИИ „проф. Николай Райнов”","rhmId":"872"}},{"type":"Feature","geometry":{"type":"Point","coordinates":[23.331054,42.6878946]},"properties":{"x":"http://www.wikidata.org/entity/Q141110147","rhm_link":"https://registersofia.bg/?option=com_monuments&view=monument&formdata[id]=1051","xLabel":"Панчо Владигеров, паметна плоча","rhmId":"1051"}},{"type":"Feature","geometry":{"type":"Point","coordinates":[23.3208053,42.6860274]},"properties":{"x":"http://www.wikidata.org/entity/Q141110154","rhm_link":"https://registersofia.bg/?option=com_monuments&view=monument&formdata[id]=1164","xLabel":"„Берлинската стена”, архитектурен ансамбъл, НДК","rhmId":"1164"}},{"type":"Feature","geometry":{"type":"Point","coordinates":[23.3102673,42.6904503]},"properties":{"x":"http://www.wikidata.org/entity/Q141110160","rhm_link":"https://registersofia.bg/?option=com_monuments&view=monument&formdata[id]=1169","xLabel":"Шандор Петьофи, паметна плоча с барелеф","rhmId":"1169"}},{"type":"Feature","geometry":{"type":"Point","coordinates":[23.325455,42.693222]},"properties":{"x":"http://www.wikidata.org/entity/Q141110165","rhm_link":"https://registersofia.bg/?option=com_monuments&view=monument&formdata[id]=1175","xLabel":"Кузман Шапкарев, паметна плоча с барелеф","rhmId":"1175"}},{"type":"Feature","geometry":{"type":"Point","coordinates":[23.30673,42.680975]},"properties":{"x":"http://www.wikidata.org/entity/Q141110311","rhm_link":"https://registersofia.bg/?option=com_monuments&view=monument&formdata[id]=396","xLabel":"Чешма „Флора“, Флора Кънева, паметна плоча","rhmId":"396"}},{"type":"Feature","geometry":{"type":"Point","coordinates":[23.344422,42.69284]},"properties":{"x":"http://www.wikidata.org/entity/Q141110347","rhm_link":"https://registersofia.bg/?option=com_monuments&view=monument&formdata[id]=492","xLabel":"Христо Съйков Маевски, паметна плоча. Военен паметник","rhmId":"492"}},{"type":"Feature","geometry":{"type":"Point","coordinates":[23.273325,42.66894]},"properties":{"x":"http://www.wikidata.org/entity/Q141110355","rhm_link":"https://registersofia.bg/?option=com_monuments&view=monument&formdata[id]=511","xLabel":"Монументална стенопис (сграфито) – интериор, 2 СУ „Акад. Емилиян Станев“","rhmId":"511"}},{"type":"Feature","geometry":{"type":"Point","coordinates":[23.3460549,42.6832286]},"properties":{"x":"http://www.wikidata.org/entity/Q141110385","rhm_link":"https://registersofia.bg/?option=com_monuments&view=monument&formdata[id]=641","xLabel":"Владимир Башев, бюст-паметник, Борисова градина","rhmId":"641"}},{"type":"Feature","geometry":{"type":"Point","coordinates":[23.3313333,42.6868075]},"properties":{"x":"http://www.wikidata.org/entity/Q141110403","rhm_link":"https://registersofia.bg/?option=com_monuments&view=monument&formdata[id]=1053","xLabel":"Металопластика, абстрактна","rhmId":"1053"}},{"type":"Feature","geometry":{"type":"Point","coordinates":[23.278517,42.67351]},"properties":{"x":"http://www.wikidata.org/entity/Q141110413","rhm_link":"https://registersofia.bg/?option=com_monuments&view=monument&formdata[id]=1074","xLabel":"Скулптурна група – майка с дете","rhmId":"1074"}},{"type":"Feature","geometry":{"type":"Point","coordinates":[23.3291161,42.6966824]},"properties":{"x":"http://www.wikidata.org/entity/Q141110417","rhm_link":"https://registersofia.bg/?option=com_monuments&view=monument&formdata[id]=1085","xLabel":"Фасадна скулптура - бог Меркурий, Хефест, Асклепий, орли, Софийска банка, ДСК","rhmId":"1085"}},{"type":"Feature","geometry":{"type":"Point","coordinates":[23.3226659,42.6923165]},"properties":{"x":"http://www.wikidata.org/entity/Q141110427","rhm_link":"https://registersofia.bg/?option=com_monuments&view=monument&formdata[id]=1112","xLabel":"Чешма със скулптурна група „Похищението на Европа”","rhmId":"1112"}},{"type":"Feature","geometry":{"type":"Point","coordinates":[23.326187,42.694498]},"properties":{"x":"http://www.wikidata.org/entity/Q141110430","rhm_link":"https://registersofia.bg/?option=com_monuments&view=monument&formdata[id]=1116","xLabel":"Мартин Дюлфер, арх., Веселин Венков, проф. инж., Иван Томов, арх., Златка Кожухарова, Лилия Тотева, арх., Петър Митанов, ст.н.с. д-р. инж., паметна плоча, строителен надпис, Народен театър „Иван Вазов","rhmId":"1116"}},{"type":"Feature","geometry":{"type":"Point","coordinates":[23.225396,42.636365]},"properties":{"x":"http://www.wikidata.org/entity/Q141110456","rhm_link":"https://registersofia.bg/?option=com_monuments&view=monument&formdata[id]=1140","xLabel":"Чешма, природен парк „Витоша”","rhmId":"1140"}},{"type":"Feature","geometry":{"type":"Point","coordinates":[23.3197314,42.695861]},"properties":{"x":"http://www.wikidata.org/entity/Q141110464","rhm_link":"https://registersofia.bg/?option=com_monuments&view=monument&formdata[id]=1152","xLabel":"Фасадна скулптура – специалисти – висшисти, Съдебна палата","rhmId":"1152"}},{"type":"Feature","geometry":{"type":"Point","coordinates":[23.332991,42.696859]},"properties":{"x":"http://www.wikidata.org/entity/Q141110468","rhm_link":"https://registersofia.bg/?option=com_monuments&view=monument&formdata[id]=1157","xLabel":"Евлоги и Евстрати Гешови, дом, паметник на културата, паметна плоча","rhmId":"1157"}},{"type":"Feature","geometry":{"type":"Point","coordinates":[23.491278,42.704973]},"properties":{"x":"http://www.wikidata.org/entity/Q141110485","rhm_link":"https://registersofia.bg/?option=com_monuments&view=monument&formdata[id]=655","xLabel":"На Стойко Нетов от с. Долни Богров. Военен паметник","rhmId":"655"}},{"type":"Feature","geometry":{"type":"Point","coordinates":[23.375032,42.808922]},"properties":{"x":"http://www.wikidata.org/entity/Q141110494","rhm_link":"https://registersofia.bg/?option=com_monuments&view=monument&formdata[id]=680","xLabel":"На загиналите във войните за национално обединение и във Втората световна война, заключителна фаза от с. Гниляне. Военен паметник","rhmId":"680"}},{"type":"Feature","geometry":{"type":"Point","coordinates":[23.3339136,42.6882877]},"properties":{"x":"http://www.wikidata.org/entity/Q141110557","rhm_link":"https://registersofia.bg/?option=com_monuments&view=monument&formdata[id]=935","xLabel":"Скулптурна фигура „Боксьор“, Мост на спорта","rhmId":"935"}},{"type":"Feature","geometry":{"type":"Point","coordinates":[23.3337325,42.6884238]},"properties":{"x":"http://www.wikidata.org/entity/Q141110561","rhm_link":"https://registersofia.bg/?option=com_monuments&view=monument&formdata[id]=939","xLabel":"Скулптурна фигура „Факлоносец“, Мост на спорта","rhmId":"939"}},{"type":"Feature","geometry":{"type":"Point","coordinates":[23.3338217,42.6883506]},"properties":{"x":"http://www.wikidata.org/entity/Q141110562","rhm_link":"https://registersofia.bg/?option=com_monuments&view=monument&formdata[id]=941","xLabel":"Скулптурна фигура „Гимнастичка“, Мост на спорта","rhmId":"941"}},{"type":"Feature","geometry":{"type":"Point","coordinates":[23.328699,42.676724]},"properties":{"x":"http://www.wikidata.org/entity/Q141110574","rhm_link":"https://registersofia.bg/?option=com_monuments&view=monument&formdata[id]=961","xLabel":"Петко и Пенчо Славейкови, свободностоящ паметен знак","rhmId":"961"}},{"type":"Feature","geometry":{"type":"Point","coordinates":[23.1451796,42.7083213]},"properties":{"x":"http://www.wikidata.org/entity/Q141110578","rhm_link":"https://registersofia.bg/?option=com_monuments&view=monument&formdata[id]=965","xLabel":"Водно огледало / стена","rhmId":"965"}},{"type":"Feature","geometry":{"type":"Point","coordinates":[23.1462069,42.7073644]},"properties":{"x":"http://www.wikidata.org/entity/Q141110579","rhm_link":"https://registersofia.bg/?option=com_monuments&view=monument&formdata[id]=966","xLabel":"Фонтан, град Банкя","rhmId":"966"}},{"type":"Feature","geometry":{"type":"Point","coordinates":[23.3162648,42.6976622]},"properties":{"x":"http://www.wikidata.org/entity/Q141110587","rhm_link":"https://registersofia.bg/?option=com_monuments&view=monument&formdata[id]=974","xLabel":"Хаджи Васил Николов, паметна плоча","rhmId":"974"}},{"type":"Feature","geometry":{"type":"Point","coordinates":[23.4482833,42.7953563]},"properties":{"x":"http://www.wikidata.org/entity/Q141110594","rhm_link":"https://registersofia.bg/?option=com_monuments&view=monument&formdata[id]=998","xLabel":"Пано, Народно читалище „Христо Витков“","rhmId":"998"}},{"type":"Feature","geometry":{"type":"Point","coordinates":[23.492998,42.704471]},"properties":{"x":"http://www.wikidata.org/entity/Q141110596","rhm_link":"https://registersofia.bg/?option=com_monuments&view=monument&formdata[id]=1014","xLabel":"Монументална мозайка, село Долни Богров","rhmId":"1014"}},{"type":"Feature","geometry":{"type":"Point","coordinates":[23.319493,42.84567]},"properties":{"x":"http://www.wikidata.org/entity/Q141110598","rhm_link":"https://registersofia.bg/?option=com_monuments&view=monument&formdata[id]=1018","xLabel":"На загиналите във Втората световна война, заключителна фаза от с. Кътина, свободностоящ паметен знак. Военен паметник","rhmId":"1018"}},{"type":"Feature","geometry":{"type":"Point","coordinates":[23.4644915,42.680431]},"properties":{"x":"http://www.wikidata.org/entity/Q141114877","rhm_link":"https://registersofia.bg/?option=com_monuments&view=monument&formdata[id]=1037","xLabel":"Кръстан Раковски, бюст-паметник","rhmId":"1037"}},{"type":"Feature","geometry":{"type":"Point","coordinates":[23.4473845,42.7969652]},"properties":{"x":"http://www.wikidata.org/entity/Q141114882","rhm_link":"https://registersofia.bg/?option=com_monuments&view=monument&formdata[id]=1042","xLabel":"Димитър Георгиев Тошков (Захари), бюст-паметник","rhmId":"1042"}},{"type":"Feature","geometry":{"type":"Point","coordinates":[23.2943673,42.6832808]},"properties":{"x":"http://www.wikidata.org/entity/Q141114891","rhm_link":"https://registersofia.bg/?option=com_monuments&view=monument&formdata[id]=1093","xLabel":"Скулптура, абстрактна, ОКИ „Красно село”","rhmId":"1093"}},{"type":"Feature","geometry":{"type":"Point","coordinates":[23.319722222,42.687777777]},"properties":{"x":"http://www.wikidata.org/entity/Q61138259","rhm_link":"https://registersofia.bg/?option=com_monuments&view=monument&formdata[id]=575","xLabel":"Паметник на първи и шести пехотни полкове","rhmId":"575"}},{"type":"Feature","geometry":{"type":"Point","coordinates":[23.337777777,42.688055555]},"properties":{"x":"http://www.wikidata.org/entity/Q92615542","rhm_link":"https://registersofia.bg/?option=com_monuments&view=monument&formdata[id]=599","xLabel":"Бюст-паметник на Пейо Яворов","rhmId":"599"}},{"type":"Feature","geometry":{"type":"Point","coordinates":[23.33872,42.68726]},"properties":{"x":"http://www.wikidata.org/entity/Q113642743","rhm_link":"https://registersofia.bg/?option=com_monuments&view=monument&formdata[id]=622","xLabel":"Бюст-паметник на Тодор Каблешков","rhmId":"622"}},{"type":"Feature","geometry":{"type":"Point","coordinates":[23.338222222,42.687666666]},"properties":{"x":"http://www.wikidata.org/entity/Q114452364","rhm_link":"https://registersofia.bg/?option=com_monuments&view=monument&formdata[id]=587","xLabel":"Паметник на Даме Груев (Борисова градина)","rhmId":"587"}},{"type":"Feature","geometry":{"type":"Point","coordinates":[23.338055555,42.687888888]},"properties":{"x":"http://www.wikidata.org/entity/Q114452411","rhm_link":"https://registersofia.bg/?option=com_monuments&view=monument&formdata[id]=586","xLabel":"Паметник на Гоце Делчев (Борисова градина)","rhmId":"586"}},{"type":"Feature","geometry":{"type":"Point","coordinates":[23.310916666,42.691722222]},"properties":{"x":"http://www.wikidata.org/entity/Q130295314","rhm_link":"https://registersofia.bg/?option=com_monuments&view=monument&formdata[id]=406","xLabel":"паметна плоча на генерал Михаил Дмитриевич Скобелев","rhmId":"406"}},{"type":"Feature","geometry":{"type":"Point","coordinates":[23.315472222,42.774083333]},"properties":{"x":"http://www.wikidata.org/entity/Q130295316","rhm_link":"https://registersofia.bg/?option=com_monuments&view=monument&formdata[id]=989","xLabel":"паметник на генерал-майор Пьотър Черевин и есаул Пьотър Степанович Бариш - Тищенко","rhmId":"989"}},{"type":"Feature","geometry":{"type":"Point","coordinates":[23.335740265,42.693430231]},"properties":{"x":"http://www.wikidata.org/entity/Q132678574","rhm_link":"https://registersofia.bg/?option=com_monuments&view=monument&formdata[id]=1022","xLabel":"Лъвове (Университетска библиотека)","rhmId":"1022"}},{"type":"Feature","geometry":{"type":"Point","coordinates":[23.348175,42.690448]},"properties":{"x":"http://www.wikidata.org/entity/Q140778177","rhm_link":"https://registersofia.bg/?option=com_monuments&view=monument&formdata[id]=850","xLabel":"Колона на випуските","rhmId":"850"}},{"type":"Feature","geometry":{"type":"Point","coordinates":[23.317984,42.697529]},"properties":{"x":"http://www.wikidata.org/entity/Q141109434","rhm_link":"https://registersofia.bg/?option=com_monuments&view=monument&formdata[id]=231","xLabel":"Георги Михайлов Здравев, паметна плоча","rhmId":"231"}},{"type":"Feature","geometry":{"type":"Point","coordinates":[23.315508,42.697515]},"properties":{"x":"http://www.wikidata.org/entity/Q141109436","rhm_link":"https://registersofia.bg/?option=com_monuments&view=monument&formdata[id]=233","xLabel":"Коста Шопов, паметна плоча","rhmId":"233"}},{"type":"Feature","geometry":{"type":"Point","coordinates":[23.32454,42.689316]},"properties":{"x":"http://www.wikidata.org/entity/Q141109468","rhm_link":"https://registersofia.bg/?option=com_monuments&view=monument&formdata[id]=280","xLabel":"Кръстьо Кръстев, д-р., паметна плоча","rhmId":"280"}},{"type":"Feature","geometry":{"type":"Point","coordinates":[23.32777,42.693674]},"properties":{"x":"http://www.wikidata.org/entity/Q141109474","rhm_link":"https://registersofia.bg/?option=com_monuments&view=monument&formdata[id]=289","xLabel":"Георги Громов, паметна плоча","rhmId":"289"}},{"type":"Feature","geometry":{"type":"Point","coordinates":[23.3243,42.701036]},"properties":{"x":"http://www.wikidata.org/entity/Q141109524","rhm_link":"https://registersofia.bg/?option=com_monuments&view=monument&formdata[id]=437","xLabel":"Васил Ангелов Ценов, паметна плоча, лобно място","rhmId":"437"}},{"type":"Feature","geometry":{"type":"Point","coordinates":[23.340917,42.699439]},"properties":{"x":"http://www.wikidata.org/entity/Q141109529","rhm_link":"https://registersofia.bg/?option=com_monuments&view=monument&formdata[id]=443","xLabel":"Георги Цанев Георгиев, паметна плоча","rhmId":"443"}},{"type":"Feature","geometry":{"type":"Point","coordinates":[23.338729,42.699257]},"properties":{"x":"http://www.wikidata.org/entity/Q141109546","rhm_link":"https://registersofia.bg/?option=com_monuments&view=monument&formdata[id]=460","xLabel":"Стилиян Чилингиров, паметна плоча","rhmId":"460"}},{"type":"Feature","geometry":{"type":"Point","coordinates":[23.345438,42.693742]},"properties":{"x":"http://www.wikidata.org/entity/Q141109556","rhm_link":"https://registersofia.bg/?option=com_monuments&view=monument&formdata[id]=479","xLabel":"Константин Петканов, акад. и Магда Петканова, паметна плоча","rhmId":"479"}},{"type":"Feature","geometry":{"type":"Point","coordinates":[23.3277914,42.6898877]},"properties":{"x":"http://www.wikidata.org/entity/Q141109613","rhm_link":"https://registersofia.bg/?option=com_monuments&view=monument&formdata[id]=581","xLabel":"Петко Каравелов, Екатерина Каравелова, гроб","rhmId":"581"}},{"type":"Feature","geometry":{"type":"Point","coordinates":[23.3431,42.685272]},"properties":{"x":"http://www.wikidata.org/entity/Q141109620","rhm_link":"https://registersofia.bg/?option=com_monuments&view=monument&formdata[id]=596","xLabel":"Радко Димитриев, ген., бюст-паметник, Борисова градина. Военен паметник","rhmId":"596"}},{"type":"Feature","geometry":{"type":"Point","coordinates":[23.3379282,42.6875766]},"properties":{"x":"http://www.wikidata.org/entity/Q141109621","rhm_link":"https://registersofia.bg/?option=com_monuments&view=monument&formdata[id]=597","xLabel":"Емилиян Станев, бюст-паметник, Борисова градина","rhmId":"597"}},{"type":"Feature","geometry":{"type":"Point","coordinates":[23.333031,42.696558]},"properties":{"x":"http://www.wikidata.org/entity/Q141109622","rhm_link":"https://registersofia.bg/?option=com_monuments&view=monument&formdata[id]=600","xLabel":"Паисий Хилендарски, памeтник, скулптурен","rhmId":"600"}},{"type":"Feature","geometry":{"type":"Point","coordinates":[23.498017,42.541444]},"properties":{"x":"http://www.wikidata.org/entity/Q141109631","rhm_link":"https://registersofia.bg/?option=com_monuments&view=monument&formdata[id]=612","xLabel":"Димитър Списаревски, кап. Военен паметник","rhmId":"612"}},{"type":"Feature","geometry":{"type":"Point","coordinates":[23.475859,42.602582]},"properties":{"x":"http://www.wikidata.org/entity/Q141109638","rhm_link":"https://registersofia.bg/?option=com_monuments&view=monument&formdata[id]=625","xLabel":"На загиналите във войните за национално обединение и във Втората световна война, заключителна фаза от с. Лозен. Военен паметник","rhmId":"625"}},{"type":"Feature","geometry":{"type":"Point","coordinates":[23.339563,42.686781]},"properties":{"x":"http://www.wikidata.org/entity/Q141109641","rhm_link":"https://registersofia.bg/?option=com_monuments&view=monument&formdata[id]=634","xLabel":"Райко Даскалов, свободностоящ паметен знак, Борисова градина","rhmId":"634"}},{"type":"Feature","geometry":{"type":"Point","coordinates":[23.250895,42.818368]},"properties":{"x":"http://www.wikidata.org/entity/Q141109657","rhm_link":"https://registersofia.bg/?option=com_monuments&view=monument&formdata[id]=671","xLabel":"На загиналите във войните за национално обединение от с. Житен, паметна плоча. Военен паметник","rhmId":"671"}},{"type":"Feature","geometry":{"type":"Point","coordinates":[23.341691,42.698284]},"properties":{"x":"http://www.wikidata.org/entity/Q141109671","rhm_link":"https://registersofia.bg/?option=com_monuments&view=monument&formdata[id]=697","xLabel":"Филип Кутев, паметна плоча с барелеф","rhmId":"697"}},{"type":"Feature","geometry":{"type":"Point","coordinates":[23.330029,42.696737]},"properties":{"x":"http://www.wikidata.org/entity/Q141109673","rhm_link":"https://registersofia.bg/?option=com_monuments&view=monument&formdata[id]=699","xLabel":"Петко Д. Петков, паметна плоча с барелеф, лобно място","rhmId":"699"}},{"type":"Feature","geometry":{"type":"Point","coordinates":[23.312965,42.687756]},"properties":{"x":"http://www.wikidata.org/entity/Q141109682","rhm_link":"https://registersofia.bg/?option=com_monuments&view=monument&formdata[id]=709","xLabel":"Скулптурна група „Ян Бибиян и Дяволчето Фют”","rhmId":"709"}},{"type":"Feature","geometry":{"type":"Point","coordinates":[23.350819,42.671897]},"properties":{"x":"http://www.wikidata.org/entity/Q141109696","rhm_link":"https://registersofia.bg/?option=com_monuments&view=monument&formdata[id]=758","xLabel":"Скулптурна група - селянки","rhmId":"758"}},{"type":"Feature","geometry":{"type":"Point","coordinates":[23.352107,42.686312]},"properties":{"x":"http://www.wikidata.org/entity/Q141109704","rhm_link":"https://registersofia.bg/?option=com_monuments&view=monument&formdata[id]=787","xLabel":"Иван Вазов, бюст-паметник, 31 СУЧЕМ „Иван Вазов”","rhmId":"787"}},{"type":"Feature","geometry":{"type":"Point","coordinates":[23.41042,42.609874]},"properties":{"x":"http://www.wikidata.org/entity/Q141109713","rhm_link":"https://registersofia.bg/?option=com_monuments&view=monument&formdata[id]=797","xLabel":"Св. Иван Рилски, релеф, Народно читалище „Св. Иван Рилски”","rhmId":"797"}},{"type":"Feature","geometry":{"type":"Point","coordinates":[23.3215919,42.6909571]},"properties":{"x":"http://www.wikidata.org/entity/Q141109722","rhm_link":"https://registersofia.bg/?option=com_monuments&view=monument&formdata[id]=807","xLabel":"Иван Денкоглу, бюст - интериор, 127 СУ „Иван Николаевич Денкоглу”","rhmId":"807"}},{"type":"Feature","geometry":{"type":"Point","coordinates":[23.329755,42.694193]},"properties":{"x":"http://www.wikidata.org/entity/Q141109727","rhm_link":"https://registersofia.bg/?option=com_monuments&view=monument&formdata[id]=816","xLabel":"Асен Кермекчиев, Първото американско консулство в България, свободностоящ паметен знак","rhmId":"816"}},{"type":"Feature","geometry":{"type":"Point","coordinates":[23.344727,42.696582]},"properties":{"x":"http://www.wikidata.org/entity/Q141109730","rhm_link":"https://registersofia.bg/?option=com_monuments&view=monument&formdata[id]=820","xLabel":"Асен Златаров, проф., др. бюст-паметник","rhmId":"820"}},{"type":"Feature","geometry":{"type":"Point","coordinates":[23.304075,42.684965]},"properties":{"x":"http://www.wikidata.org/entity/Q141109733","rhm_link":"https://registersofia.bg/?option=com_monuments&view=monument&formdata[id]=824","xLabel":"Иван Викторов Димитров, проф., ген-майор, бюст-паметник, ВМА. Военен паметник","rhmId":"824"}},{"type":"Feature","geometry":{"type":"Point","coordinates":[23.3038727,42.6849257]},"properties":{"x":"http://www.wikidata.org/entity/Q141109734","rhm_link":"https://registersofia.bg/?option=com_monuments&view=monument&formdata[id]=825","xLabel":"Константин Ангелов Стоянов, проф., ген-майор, бюст-паметник, ВМА","rhmId":"825"}},{"type":"Feature","geometry":{"type":"Point","coordinates":[23.331189,42.690263]},"properties":{"x":"http://www.wikidata.org/entity/Q141109767","rhm_link":"https://registersofia.bg/?option=com_monuments&view=monument&formdata[id]=889","xLabel":"Йосиф Гурко, ген., паметна плоча с релеф. Паметник на Освободителната война","rhmId":"889"}},{"type":"Feature","geometry":{"type":"Point","coordinates":[23.297766,42.58735]},"properties":{"x":"http://www.wikidata.org/entity/Q141109770","rhm_link":"https://registersofia.bg/?option=com_monuments&view=monument&formdata[id]=893","xLabel":"Павел Романски, паметник, скулптурен, лобно място, Природен парк „Витоша”","rhmId":"893"}},{"type":"Feature","geometry":{"type":"Point","coordinates":[23.3267521,42.6862946]},"properties":{"x":"http://www.wikidata.org/entity/Q141109788","rhm_link":"https://registersofia.bg/?option=com_monuments&view=monument&formdata[id]=945","xLabel":"Кристиан Таков, доц., др., паметна плоча","rhmId":"945"}},{"type":"Feature","geometry":{"type":"Point","coordinates":[23.330011,42.68861]},"properties":{"x":"http://www.wikidata.org/entity/Q141109791","rhm_link":"https://registersofia.bg/?option=com_monuments&view=monument&formdata[id]=952","xLabel":"Минко М. Радославов – Даскала, паметна плоча","rhmId":"952"}},{"type":"Feature","geometry":{"type":"Point","coordinates":[23.2356943,42.7339377]},"properties":{"x":"http://www.wikidata.org/entity/Q141109792","rhm_link":"https://registersofia.bg/?option=com_monuments&view=monument&formdata[id]=957","xLabel":"Незнаен гроб. Институт „Пушкаров”","rhmId":"957"}},{"type":"Feature","geometry":{"type":"Point","coordinates":[23.275222,42.7455]},"properties":{"x":"http://www.wikidata.org/entity/Q141109802","rhm_link":"https://registersofia.bg/?option=com_monuments&view=monument&formdata[id]=987","xLabel":"Пано, 140 СОУ „Иван Богоров“","rhmId":"987"}},{"type":"Feature","geometry":{"type":"Point","coordinates":[23.605508,42.746342]},"properties":{"x":"http://www.wikidata.org/entity/Q141109805","rhm_link":"https://registersofia.bg/?option=com_monuments&view=monument&formdata[id]=993","xLabel":"Никола Данчев, о.з. полк., паметна плоча","rhmId":"993"}},{"type":"Feature","geometry":{"type":"Point","coordinates":[23.358045,42.669574]},"properties":{"x":"http://www.wikidata.org/entity/Q141109810","rhm_link":"https://registersofia.bg/?option=com_monuments&view=monument&formdata[id]=1001","xLabel":"Никола Динев, Вяра Ковачева, паметна плоча","rhmId":"1001"}},{"type":"Feature","geometry":{"type":"Point","coordinates":[23.35305,42.672567]},"properties":{"x":"http://www.wikidata.org/entity/Q141109811","rhm_link":"https://registersofia.bg/?option=com_monuments&view=monument&formdata[id]=1002","xLabel":"Скулптурна група - гълъби","rhmId":"1002"}},{"type":"Feature","geometry":{"type":"Point","coordinates":[23.323923,42.700278]},"properties":{"x":"http://www.wikidata.org/entity/Q141109821","rhm_link":"https://registersofia.bg/?option=com_monuments&view=monument&formdata[id]=1017","xLabel":"„Изкуството през вековете\"\", Монументална стенопис - интериор, Дом на кинодейците","rhmId":"1017"}},{"type":"Feature","geometry":{"type":"Point","coordinates":[23.167064,42.7157604]},"properties":{"x":"http://www.wikidata.org/entity/Q141109839","rhm_link":"https://registersofia.bg/?option=com_monuments&view=monument&formdata[id]=1055","xLabel":"Чешма, гарова","rhmId":"1055"}},{"type":"Feature","geometry":{"type":"Point","coordinates":[23.3339629,42.6961773]},"properties":{"x":"http://www.wikidata.org/entity/Q141109872","rhm_link":"https://registersofia.bg/?option=com_monuments&view=monument&formdata[id]=1100","xLabel":"Национална галерия за чуждестранно изкуство, Държавна печатница („Квадрат 500”), Фридрих Шванберг, арх., Янко Апостолов, арх., паметна плоча, строителен надпис","rhmId":"1100"}},{"type":"Feature","geometry":{"type":"Point","coordinates":[23.315641,42.689463]},"properties":{"x":"http://www.wikidata.org/entity/Q141109882","rhm_link":"https://registersofia.bg/?option=com_monuments&view=monument&formdata[id]=1111","xLabel":"Чешма със скулптурна фигура - Видра","rhmId":"1111"}},{"type":"Feature","geometry":{"type":"Point","coordinates":[23.2535812,42.6778458]},"properties":{"x":"http://www.wikidata.org/entity/Q141109894","rhm_link":"https://registersofia.bg/?option=com_monuments&view=monument&formdata[id]=1179","xLabel":"Проф. Богдан Богданов, паметник","rhmId":"1179"}},{"type":"Feature","geometry":{"type":"Point","coordinates":[23.318854,42.668177]},"properties":{"x":"http://www.wikidata.org/entity/Q141109895","rhm_link":"https://registersofia.bg/?option=com_monuments&view=monument&formdata[id]=1182","xLabel":"Скулптурна фигура „Пеещо момиче”","rhmId":"1182"}},{"type":"Feature","geometry":{"type":"Point","coordinates":[23.319612,42.69857]},"properties":{"x":"http://www.wikidata.org/entity/Q141109898","rhm_link":"https://registersofia.bg/?option=com_monuments&view=monument&formdata[id]=1188","xLabel":"Папа Йоан ХХІІІ – Анджело Ронкали, паметник, скулптурен","rhmId":"1188"}},{"type":"Feature","geometry":{"type":"Point","coordinates":[23.316532,42.69664]},"properties":{"x":"http://www.wikidata.org/entity/Q141109902","rhm_link":"https://registersofia.bg/?option=com_monuments&view=monument&formdata[id]=1193","xLabel":"Константин и Димитър Миладинови, стенопис","rhmId":"1193"}},{"type":"Feature","geometry":{"type":"Point","coordinates":[23.3344517,42.6970287]},"properties":{"x":"http://www.wikidata.org/entity/Q141109916","rhm_link":"https://registersofia.bg/?option=com_monuments&view=monument&formdata[id]=1216","xLabel":"Стефан Георгиев, проф., д-р., свободностоящ паметен знак, Университетска ботаническа градина към СУ","rhmId":"1216"}},{"type":"Feature","geometry":{"type":"Point","coordinates":[23.321593,42.689178]},"properties":{"x":"http://www.wikidata.org/entity/Q141110022","rhm_link":"https://registersofia.bg/?option=com_monuments&view=monument&formdata[id]=281","xLabel":"Кръстю Мирски, паметна плоча","rhmId":"281"}},{"type":"Feature","geometry":{"type":"Point","coordinates":[23.3406,42.690218]},"properties":{"x":"http://www.wikidata.org/entity/Q141110030","rhm_link":"https://registersofia.bg/?option=com_monuments&view=monument&formdata[id]=300","xLabel":"Мария Т. Влайкова, паметна плоча","rhmId":"300"}},{"type":"Feature","geometry":{"type":"Point","coordinates":[23.321674,42.691335]},"properties":{"x":"http://www.wikidata.org/entity/Q141110032","rhm_link":"https://registersofia.bg/?option=com_monuments&view=monument&formdata[id]=302","xLabel":"Милчо Радев, д-р, паметна плоча","rhmId":"302"}},{"type":"Feature","geometry":{"type":"Point","coordinates":[23.3095,42.692163]},"properties":{"x":"http://www.wikidata.org/entity/Q141110065","rhm_link":"https://registersofia.bg/?option=com_monuments&view=monument&formdata[id]=398","xLabel":"„Славия“ – спортен клуб, паметна плоча","rhmId":"398"}},{"type":"Feature","geometry":{"type":"Point","coordinates":[23.343335,42.694392]},"properties":{"x":"http://www.wikidata.org/entity/Q141110066","rhm_link":"https://registersofia.bg/?option=com_monuments&view=monument&formdata[id]=472","xLabel":"Йордан Радичков, паметна плоча","rhmId":"472"}},{"type":"Feature","geometry":{"type":"Point","coordinates":[23.233765,42.600152]},"properties":{"x":"http://www.wikidata.org/entity/Q141110098","rhm_link":"https://registersofia.bg/?option=com_monuments&view=monument&formdata[id]=777","xLabel":"Пейо Яворов, бюст, Природен парк „Витоша”","rhmId":"777"}},{"type":"Feature","geometry":{"type":"Point","coordinates":[23.309414,42.676001]},"properties":{"x":"http://www.wikidata.org/entity/Q141110100","rhm_link":"https://registersofia.bg/?option=com_monuments&view=monument&formdata[id]=779","xLabel":"Иван Вазов, бюст-паметник","rhmId":"779"}},{"type":"Feature","geometry":{"type":"Point","coordinates":[23.361851,42.704668]},"properties":{"x":"http://www.wikidata.org/entity/Q141110104","rhm_link":"https://registersofia.bg/?option=com_monuments&view=monument&formdata[id]=799","xLabel":"Георги Аспарухов – Гунди, бюст-паметник","rhmId":"799"}},{"type":"Feature","geometry":{"type":"Point","coordinates":[23.3210816,42.6911385]},"properties":{"x":"http://www.wikidata.org/entity/Q141110106","rhm_link":"https://registersofia.bg/?option=com_monuments&view=monument&formdata[id]=810","xLabel":"Чешма – интериор, 127 СУ „Иван Николаевич Денкоглу”","rhmId":"810"}},{"type":"Feature","geometry":{"type":"Point","coordinates":[23.3133481,42.6881387]},"properties":{"x":"http://www.wikidata.org/entity/Q141110120","rhm_link":"https://registersofia.bg/?option=com_monuments&view=monument&formdata[id]=841","xLabel":"Атанас Маргаритов, паметна плоча","rhmId":"841"}},{"type":"Feature","geometry":{"type":"Point","coordinates":[23.319999,42.692783]},"properties":{"x":"http://www.wikidata.org/entity/Q141110123","rhm_link":"https://registersofia.bg/?option=com_monuments&view=monument&formdata[id]=844","xLabel":"Пейо Яворов, паметна плоча с барелеф","rhmId":"844"}},{"type":"Feature","geometry":{"type":"Point","coordinates":[23.286542,42.681244]},"properties":{"x":"http://www.wikidata.org/entity/Q141110138","rhm_link":"https://registersofia.bg/?option=com_monuments&view=monument&formdata[id]=911","xLabel":"Д-р Петър Берон, барелеф, 25 ОУ „Д-р Петър Берон”","rhmId":"911"}},{"type":"Feature","geometry":{"type":"Point","coordinates":[23.3284697,42.6903999]},"properties":{"x":"http://www.wikidata.org/entity/Q141110143","rhm_link":"https://registersofia.bg/?option=com_monuments&view=monument&formdata[id]=918","xLabel":"Фасадна скулптура - девойка, 7 СОУ „Св. Седмочисленици”","rhmId":"918"}},{"type":"Feature","geometry":{"type":"Point","coordinates":[23.3364672,42.6905037]},"properties":{"x":"http://www.wikidata.org/entity/Q141110155","rhm_link":"https://registersofia.bg/?option=com_monuments&view=monument&formdata[id]=1165","xLabel":"Скулптурна фигура – мечка, парк „Княжеска градина“","rhmId":"1165"}},{"type":"Feature","geometry":{"type":"Point","coordinates":[23.3151066,42.6953995]},"properties":{"x":"http://www.wikidata.org/entity/Q141110159","rhm_link":"https://registersofia.bg/?option=com_monuments&view=monument&formdata[id]=1168","xLabel":"Антон Кръстев Иновски, паметна плоча. Военен паметник","rhmId":"1168"}},{"type":"Feature","geometry":{"type":"Point","coordinates":[23.3261759,42.7017221]},"properties":{"x":"http://www.wikidata.org/entity/Q141110161","rhm_link":"https://registersofia.bg/?option=com_monuments&view=monument&formdata[id]=1170","xLabel":"Евгения Марс и Павел Елмазов, паметна плоча","rhmId":"1170"}},{"type":"Feature","geometry":{"type":"Point","coordinates":[23.220615,42.719089]},"properties":{"x":"http://www.wikidata.org/entity/Q141110166","rhm_link":"https://registersofia.bg/?option=com_monuments&view=monument&formdata[id]=1178","xLabel":"На загиналите във войните за национално обединение от с. Филиповци, паметна плоча. Военен паметник","rhmId":"1178"}},{"type":"Feature","geometry":{"type":"Point","coordinates":[23.330532,42.674491]},"properties":{"x":"http://www.wikidata.org/entity/Q141110171","rhm_link":"https://registersofia.bg/?option=com_monuments&view=monument&formdata[id]=1198","xLabel":"Борислав Боянов, акад., бюст-паметник, ФМИ, СУ „Св. Климент Охридски”","rhmId":"1198"}},{"type":"Feature","geometry":{"type":"Point","coordinates":[23.3082441,42.6733822]},"properties":{"x":"http://www.wikidata.org/entity/Q141110178","rhm_link":"https://registersofia.bg/?option=com_monuments&view=monument&formdata[id]=1218","xLabel":"Скулптура „Ъгълът“, Южен парк","rhmId":"1218"}},{"type":"Feature","geometry":{"type":"Point","coordinates":[23.317875,42.693141]},"properties":{"x":"http://www.wikidata.org/entity/Q141110299","rhm_link":"https://registersofia.bg/?option=com_monuments&view=monument&formdata[id]=387","xLabel":"Карекин Нъждех, ген., паметна плоча. Военен паметник","rhmId":"387"}},{"type":"Feature","geometry":{"type":"Point","coordinates":[23.319244,42.690784]},"properties":{"x":"http://www.wikidata.org/entity/Q141110309","rhm_link":"https://registersofia.bg/?option=com_monuments&view=monument&formdata[id]=395","xLabel":"Стоян Михайловски, паметна плоча","rhmId":"395"}},{"type":"Feature","geometry":{"type":"Point","coordinates":[23.343628,42.692772]},"properties":{"x":"http://www.wikidata.org/entity/Q141110342","rhm_link":"https://registersofia.bg/?option=com_monuments&view=monument&formdata[id]=471","xLabel":"Йордан Николов Иванов, акад. проф. д-р, паметна плоча","rhmId":"471"}},{"type":"Feature","geometry":{"type":"Point","coordinates":[23.341162,42.69405]},"properties":{"x":"http://www.wikidata.org/entity/Q141110344","rhm_link":"https://registersofia.bg/?option=com_monuments&view=monument&formdata[id]=475","xLabel":"Кирил Драмалиев, д-р, паметна плоча","rhmId":"475"}},{"type":"Feature","geometry":{"type":"Point","coordinates":[23.341315,42.693238]},"properties":{"x":"http://www.wikidata.org/entity/Q141110346","rhm_link":"https://registersofia.bg/?option=com_monuments&view=monument&formdata[id]=477","xLabel":"Любомир Милетич, акад. проф. д-р, паметна плоча","rhmId":"477"}},{"type":"Feature","geometry":{"type":"Point","coordinates":[23.3790589,42.6718507]},"properties":{"x":"http://www.wikidata.org/entity/Q141110353","rhm_link":"https://registersofia.bg/?option=com_monuments&view=monument&formdata[id]=504","xLabel":"Монументална стенопис (сграфито), Спортен комплекс на ЦСКА","rhmId":"504"}},{"type":"Feature","geometry":{"type":"Point","coordinates":[23.160516,42.681607]},"properties":{"x":"http://www.wikidata.org/entity/Q141110362","rhm_link":"https://registersofia.bg/?option=com_monuments&view=monument&formdata[id]=551","xLabel":"На загиналите във войните за национално обединение и във Втората световна война от с. Мало Бучино. Военен паметник","rhmId":"551"}},{"type":"Feature","geometry":{"type":"Point","coordinates":[23.3077363,42.6718425]},"properties":{"x":"http://www.wikidata.org/entity/Q141110375","rhm_link":"https://registersofia.bg/?option=com_monuments&view=monument&formdata[id]=569","xLabel":"Манфред Вьорнер, свободностоящ паметен знак, Южен парк","rhmId":"569"}},{"type":"Feature","geometry":{"type":"Point","coordinates":[23.3194837,42.6797207]},"properties":{"x":"http://www.wikidata.org/entity/Q141110377","rhm_link":"https://registersofia.bg/?option=com_monuments&view=monument&formdata[id]=572","xLabel":"Скулптура „Пастирът“, Южен парк II част","rhmId":"572"}},{"type":"Feature","geometry":{"type":"Point","coordinates":[23.433049,42.675683]},"properties":{"x":"http://www.wikidata.org/entity/Q141110391","rhm_link":"https://registersofia.bg/?option=com_monuments&view=monument&formdata[id]=649","xLabel":"На загиналите във войните за национално обединение от с. Бусманци, паметна плоча. Военен паметник","rhmId":"649"}},{"type":"Feature","geometry":{"type":"Point","coordinates":[23.511665,42.73931]},"properties":{"x":"http://www.wikidata.org/entity/Q141110393","rhm_link":"https://registersofia.bg/?option=com_monuments&view=monument&formdata[id]=651","xLabel":"На загиналите във войните за национално обединение, във Втората световна война, заключителна фаза (в съпротивителното движение и др.) от с. Ботунец. Военен паметник. Архитектурно-скулптурен ансамбъл","rhmId":"651"}},{"type":"Feature","geometry":{"type":"Point","coordinates":[23.4110425,42.7121023]},"properties":{"x":"http://www.wikidata.org/entity/Q141110394","rhm_link":"https://registersofia.bg/?option=com_monuments&view=monument&formdata[id]=653","xLabel":"На загиналите във войните за национално обединение от с. Нова Враждебна. Военен паметник","rhmId":"653"}},{"type":"Feature","geometry":{"type":"Point","coordinates":[23.3197536,42.6896727]},"properties":{"x":"http://www.wikidata.org/entity/Q141110412","rhm_link":"https://registersofia.bg/?option=com_monuments&view=monument&formdata[id]=1072","xLabel":"Петър Иванов Гюзелев (Пеци)","rhmId":"1072"}},{"type":"Feature","geometry":{"type":"Point","coordinates":[23.2793699,42.6747717]},"properties":{"x":"http://www.wikidata.org/entity/Q141110414","rhm_link":"https://registersofia.bg/?option=com_monuments&view=monument&formdata[id]=1075","xLabel":"Скулптурни фигури – лъв, зайци, 06 РУ СДВР","rhmId":"1075"}},{"type":"Feature","geometry":{"type":"Point","coordinates":[23.240622,42.658025]},"properties":{"x":"http://www.wikidata.org/entity/Q141110447","rhm_link":"https://registersofia.bg/?option=com_monuments&view=monument&formdata[id]=1133","xLabel":"Чешма, кв. „Княжево”","rhmId":"1133"}},{"type":"Feature","geometry":{"type":"Point","coordinates":[23.2387976,42.6104252]},"properties":{"x":"http://www.wikidata.org/entity/Q141110450","rhm_link":"https://registersofia.bg/?option=com_monuments&view=monument&formdata[id]=1136","xLabel":"„Автострада Витоша – софийска строителна бригада”, строителен надпис, паметна плоча","rhmId":"1136"}},{"type":"Feature","geometry":{"type":"Point","coordinates":[23.3352341,42.6928493]},"properties":{"x":"http://www.wikidata.org/entity/Q141110470","rhm_link":"https://registersofia.bg/?option=com_monuments&view=monument&formdata[id]=1158","xLabel":"Фасадни скулптури, Ректорат на СУ „Св. Климент Охридски”, Южно крило","rhmId":"1158"}},{"type":"Feature","geometry":{"type":"Point","coordinates":[23.3266214,42.6909892]},"properties":{"x":"http://www.wikidata.org/entity/Q141110504","rhm_link":"https://registersofia.bg/?option=com_monuments&view=monument&formdata[id]=727","xLabel":"Георги С. Раковски, Васил Левски, Любен Каравелов, Христо Ботев, стенопис - интериор, 6 ОУ „Граф Игнатиев”","rhmId":"727"}},{"type":"Feature","geometry":{"type":"Point","coordinates":[23.3434874,42.6974128]},"properties":{"x":"http://www.wikidata.org/entity/Q141110515","rhm_link":"https://registersofia.bg/?option=com_monuments&view=monument&formdata[id]=737","xLabel":"Фонтан със скулптурна фигура - гола девойка, парк „Заимов”","rhmId":"737"}},{"type":"Feature","geometry":{"type":"Point","coordinates":[23.29503,42.7049465]},"properties":{"x":"http://www.wikidata.org/entity/Q141110519","rhm_link":"https://registersofia.bg/?option=com_monuments&view=monument&formdata[id]=739","xLabel":"Скулптурна фигура „Минка Христова (1924 г.)”, „Св. Троица”","rhmId":"739"}},{"type":"Feature","geometry":{"type":"Point","coordinates":[23.348812,42.672779]},"properties":{"x":"http://www.wikidata.org/entity/Q141110531","rhm_link":"https://registersofia.bg/?option=com_monuments&view=monument&formdata[id]=746","xLabel":"Хосе Марти, бюст-паметник","rhmId":"746"}},{"type":"Feature","geometry":{"type":"Point","coordinates":[23.3305708,42.6770007]},"properties":{"x":"http://www.wikidata.org/entity/Q141110565","rhm_link":"https://registersofia.bg/?option=com_monuments&view=monument&formdata[id]=948","xLabel":"Димитър Атанасов, проф.,д-р., паметна плоча","rhmId":"948"}},{"type":"Feature","geometry":{"type":"Point","coordinates":[23.2600643,42.7265492]},"properties":{"x":"http://www.wikidata.org/entity/Q141110569","rhm_link":"https://registersofia.bg/?option=com_monuments&view=monument&formdata[id]=955","xLabel":"Ангел Кънчев, бюст-паметник, 137 СОУ „Ангел Кънчев”","rhmId":"955"}},{"type":"Feature","geometry":{"type":"Point","coordinates":[23.144493,42.707462]},"properties":{"x":"http://www.wikidata.org/entity/Q141110577","rhm_link":"https://registersofia.bg/?option=com_monuments&view=monument&formdata[id]=964","xLabel":"Чешма - часовникова кула","rhmId":"964"}},{"type":"Feature","geometry":{"type":"Point","coordinates":[23.2509647,42.8182077]},"properties":{"x":"http://www.wikidata.org/entity/Q141110581","rhm_link":"https://registersofia.bg/?option=com_monuments&view=monument&formdata[id]=968","xLabel":"Чешма, село Житен","rhmId":"968"}},{"type":"Feature","geometry":{"type":"Point","coordinates":[23.351883,42.8249275]},"properties":{"x":"http://www.wikidata.org/entity/Q141110590","rhm_link":"https://registersofia.bg/?option=com_monuments&view=monument&formdata[id]=982","xLabel":"Монументална стенопис (сграфито), 170 СОУ „Васил Левски”","rhmId":"982"}},{"type":"Feature","geometry":{"type":"Point","coordinates":[23.240539,42.657289]},"properties":{"x":"http://www.wikidata.org/entity/Q141114866","rhm_link":"https://registersofia.bg/?option=com_monuments&view=monument&formdata[id]=685","xLabel":"Алеко Константинов, свободностоящ паметен знак","rhmId":"685"}},{"type":"Feature","geometry":{"type":"Point","coordinates":[23.418102777,42.713405555]},"properties":{"x":"http://www.wikidata.org/entity/Q106241174","rhm_link":"https://registersofia.bg/?option=com_monuments&view=monument&formdata[id]=652","xLabel":"Войнишки паметник във Враждебна","rhmId":"652"}},{"type":"Feature","geometry":{"type":"Point","coordinates":[23.144425,42.706687]},"properties":{"x":"http://www.wikidata.org/entity/Q141109628","rhm_link":"https://registersofia.bg/?option=com_monuments&view=monument&formdata[id]=609","xLabel":"Фонтан със скулптурна фигура - момченце","rhmId":"609"}},{"type":"Feature","geometry":{"type":"Point","coordinates":[23.326403,42.692517]},"properties":{"x":"http://www.wikidata.org/entity/Q141109768","rhm_link":"https://registersofia.bg/?option=com_monuments&view=monument&formdata[id]=891","xLabel":"БИАД, Сарафов, Генев, Атанасов, Станишев, Аврамов, инж., Фингов, Горанов, Русев, арх., паметна плоча, строителен надпис","rhmId":"891"}},{"type":"Feature","geometry":{"type":"Point","coordinates":[23.3282288,42.6814617]},"properties":{"x":"http://www.wikidata.org/entity/Q141109790","rhm_link":"https://registersofia.bg/?option=com_monuments&view=monument&formdata[id]=949","xLabel":"Димитър Велков (Джеймс), паметна плоча","rhmId":"949"}},{"type":"Feature","geometry":{"type":"Point","coordinates":[23.3383939,42.6431866]},"properties":{"x":"http://www.wikidata.org/entity/Q141109838","rhm_link":"https://registersofia.bg/?option=com_monuments&view=monument&formdata[id]=1054","xLabel":"Пано, „Студентски град“","rhmId":"1054"}},{"type":"Feature","geometry":{"type":"Point","coordinates":[23.322101,42.699652]},"properties":{"x":"http://www.wikidata.org/entity/Q141109841","rhm_link":"https://registersofia.bg/?option=com_monuments&view=monument&formdata[id]=1058","xLabel":"Колона „Стругъ София“, металопластика","rhmId":"1058"}},{"type":"Feature","geometry":{"type":"Point","coordinates":[23.3170166,42.6811674]},"properties":{"x":"http://www.wikidata.org/entity/Q141109873","rhm_link":"https://registersofia.bg/?option=com_monuments&view=monument&formdata[id]=1101","xLabel":"Скулптурна група „Майките-вдовици”","rhmId":"1101"}},{"type":"Feature","geometry":{"type":"Point","coordinates":[23.3169141,42.6976066]},"properties":{"x":"http://www.wikidata.org/entity/Q141109901","rhm_link":"https://registersofia.bg/?option=com_monuments&view=monument&formdata[id]=1192","xLabel":"Константин и Димитър Миладинови, паметна плоча с барелеф","rhmId":"1192"}},{"type":"Feature","geometry":{"type":"Point","coordinates":[23.3223129,42.6942855]},"properties":{"x":"http://www.wikidata.org/entity/Q141109914","rhm_link":"https://registersofia.bg/?option=com_monuments&view=monument&formdata[id]=1213","xLabel":"Константин Фотинов, паметна плоча – интериор, Съюз на българските журналисти","rhmId":"1213"}},{"type":"Feature","geometry":{"type":"Point","coordinates":[23.325043,42.69538]},"properties":{"x":"http://www.wikidata.org/entity/Q141109919","rhm_link":"https://registersofia.bg/?option=com_monuments&view=monument&formdata[id]=1220","xLabel":"Скулптурна фигура - знак на свободата","rhmId":"1220"}},{"type":"Feature","geometry":{"type":"Point","coordinates":[23.364129,42.6629797]},"properties":{"x":"http://www.wikidata.org/entity/Q141109921","rhm_link":"https://registersofia.bg/?option=com_monuments&view=monument&formdata[id]=1224","xLabel":"Монументална стенопис (сграфито), 8 СУ „Васил Левски“","rhmId":"1224"}},{"type":"Feature","geometry":{"type":"Point","coordinates":[23.303963,42.699296]},"properties":{"x":"http://www.wikidata.org/entity/Q141109926","rhm_link":"https://registersofia.bg/?option=com_monuments&view=monument&formdata[id]=1230","xLabel":"„Сто години от превземането на Одринската крепост“, паметна плоча","rhmId":"1230"}},{"type":"Feature","geometry":{"type":"Point","coordinates":[23.350652,42.665213]},"properties":{"x":"http://www.wikidata.org/entity/Q141110083","rhm_link":"https://registersofia.bg/?option=com_monuments&view=monument&formdata[id]=760","xLabel":"Атанас Далчев, барелеф - интериор, 105 СОУ „Атанас Далчев”","rhmId":"760"}},{"type":"Feature","geometry":{"type":"Point","coordinates":[23.301322,42.66154]},"properties":{"x":"http://www.wikidata.org/entity/Q141110125","rhm_link":"https://registersofia.bg/?option=com_monuments&view=monument&formdata[id]=847","xLabel":"Луи Айер, паметна плоча с релеф. Военен паметник","rhmId":"847"}},{"type":"Feature","geometry":{"type":"Point","coordinates":[23.2741061,42.7854661]},"properties":{"x":"http://www.wikidata.org/entity/Q141110173","rhm_link":"https://registersofia.bg/?option=com_monuments&view=monument&formdata[id]=1203","xLabel":"ФОНТАН, СЕЛО МРАМОР","rhmId":"1203"}},{"type":"Feature","geometry":{"type":"Point","coordinates":[23.247835,42.712298]},"properties":{"x":"http://www.wikidata.org/entity/Q141110436","rhm_link":"https://registersofia.bg/?option=com_monuments&view=monument&formdata[id]=1121","xLabel":"Чешма, Люлин - Шести микрорайон","rhmId":"1121"}},{"type":"Feature","geometry":{"type":"Point","coordinates":[23.3248546,42.6957453]},"properties":{"x":"http://www.wikidata.org/entity/Q141110462","rhm_link":"https://registersofia.bg/?option=com_monuments&view=monument&formdata[id]=1150","xLabel":"Чешма - лъвска глава с лула, Българска народна банка","rhmId":"1150"}},{"type":"Feature","geometry":{"type":"Point","coordinates":[23.3477891,42.6940646]},"properties":{"x":"http://www.wikidata.org/entity/Q141110465","rhm_link":"https://registersofia.bg/?option=com_monuments&view=monument&formdata[id]=1154","xLabel":"Алеко Константинов, паметна плоча с барелеф, Народно читалище „Алеко Константинов”","rhmId":"1154"}},{"type":"Feature","geometry":{"type":"Point","coordinates":[23.3314982,42.6988807]},"properties":{"x":"http://www.wikidata.org/entity/Q141110467","rhm_link":"https://registersofia.bg/?option=com_monuments&view=monument&formdata[id]=1156","xLabel":"Св. Иван Рилски, релеф, Първо СОУ „Пенчо Славейков”","rhmId":"1156"}},{"type":"Feature","geometry":{"type":"Point","coordinates":[23.342414,42.799334]},"properties":{"x":"http://www.wikidata.org/entity/Q141110495","rhm_link":"https://registersofia.bg/?option=com_monuments&view=monument&formdata[id]=681","xLabel":"На загиналите във войните за национално обединение от с. Кумарица. Военен паметник","rhmId":"681"}},{"type":"Feature","geometry":{"type":"Point","coordinates":[23.294927,42.68345]},"properties":{"x":"http://www.wikidata.org/entity/Q141114888","rhm_link":"https://registersofia.bg/?option=com_monuments&view=monument&formdata[id]=1086","xLabel":"Скулптура, абстрактна, ОКИ „Красно село”","rhmId":"1086"}},{"type":"Feature","geometry":{"type":"Point","coordinates":[23.33957,42.68629]},"properties":{"x":"http://www.wikidata.org/entity/Q50809852","rhm_link":"https://registersofia.bg/?option=com_monuments&view=monument&formdata[id]=592","xLabel":"бюст-паметник на Хаджи Димитър","rhmId":"592"}},{"type":"Feature","geometry":{"type":"Point","coordinates":[23.35801,42.67558]},"properties":{"x":"http://www.wikidata.org/entity/Q59218089","rhm_link":"https://registersofia.bg/?option=com_monuments&view=monument&formdata[id]=793","xLabel":"Паметник на Радой Ралин","rhmId":"793"}},{"type":"Feature","geometry":{"type":"Point","coordinates":[23.33879,42.68824]},"properties":{"x":"http://www.wikidata.org/entity/Q92613992","rhm_link":"https://registersofia.bg/?option=com_monuments&view=monument&formdata[id]=628","xLabel":"Паметник на Иван Вазов","rhmId":"628"}},{"type":"Feature","geometry":{"type":"Point","coordinates":[23.339444444,42.688055555]},"properties":{"x":"http://www.wikidata.org/entity/Q92617227","rhm_link":"https://registersofia.bg/?option=com_monuments&view=monument&formdata[id]=855","xLabel":"Бюст-паметник на Георги С. Раковски","rhmId":"855"}},{"type":"Feature","geometry":{"type":"Point","coordinates":[23.341111111,42.686388888]},"properties":{"x":"http://www.wikidata.org/entity/Q92621283","rhm_link":"https://registersofia.bg/?option=com_monuments&view=monument&formdata[id]=595","xLabel":"Бюст-паметник на Нешо Бончев","rhmId":"595"}},{"type":"Feature","geometry":{"type":"Point","coordinates":[23.338888888,42.688055555]},"properties":{"x":"http://www.wikidata.org/entity/Q92623375","rhm_link":"https://registersofia.bg/?option=com_monuments&view=monument&formdata[id]=1191","xLabel":"Бюст-паметник на Константин Величков","rhmId":"1191"}},{"type":"Feature","geometry":{"type":"Point","coordinates":[23.327299,42.691187]},"properties":{"x":"http://www.wikidata.org/entity/Q125209087","rhm_link":"https://registersofia.bg/?option=com_monuments&view=monument&formdata[id]=815","xLabel":"Скулптурна фигура „Лъв“","rhmId":"815"}},{"type":"Feature","geometry":{"type":"Point","coordinates":[23.329923,42.695068]},"properties":{"x":"http://www.wikidata.org/entity/Q141109471","rhm_link":"https://registersofia.bg/?option=com_monuments&view=monument&formdata[id]=284","xLabel":"Антонин Колар, паметна плоча","rhmId":"284"}},{"type":"Feature","geometry":{"type":"Point","coordinates":[23.3396863,42.6943914]},"properties":{"x":"http://www.wikidata.org/entity/Q141109549","rhm_link":"https://registersofia.bg/?option=com_monuments&view=monument&formdata[id]=464","xLabel":"Владимир Евтимов Топенчаров, паметна плоча","rhmId":"464"}},{"type":"Feature","geometry":{"type":"Point","coordinates":[23.345282,42.694373]},"properties":{"x":"http://www.wikidata.org/entity/Q141109558","rhm_link":"https://registersofia.bg/?option=com_monuments&view=monument&formdata[id]=481","xLabel":"Марин Георгиев Устагенов, паметна плоча","rhmId":"481"}},{"type":"Feature","geometry":{"type":"Point","coordinates":[23.3275621,42.6960788]},"properties":{"x":"http://www.wikidata.org/entity/Q141109589","rhm_link":"https://registersofia.bg/?option=com_monuments&view=monument&formdata[id]=523","xLabel":"Йордан Радичков, паметник, скулптурен","rhmId":"523"}},{"type":"Feature","geometry":{"type":"Point","coordinates":[23.325875,42.695925]},"properties":{"x":"http://www.wikidata.org/entity/Q141109591","rhm_link":"https://registersofia.bg/?option=com_monuments&view=monument&formdata[id]=525","xLabel":"Атанас Буров, паметник, скулптурен","rhmId":"525"}},{"type":"Feature","geometry":{"type":"Point","coordinates":[23.320114,42.6805314]},"properties":{"x":"http://www.wikidata.org/entity/Q141109609","rhm_link":"https://registersofia.bg/?option=com_monuments&view=monument&formdata[id]=576","xLabel":"Скулптури „Музей на съвременното изобразително изкуство“","rhmId":"576"}},{"type":"Feature","geometry":{"type":"Point","coordinates":[23.141043,42.711682]},"properties":{"x":"http://www.wikidata.org/entity/Q141109624","rhm_link":"https://registersofia.bg/?option=com_monuments&view=monument&formdata[id]=604","xLabel":"Юрий Гагарин, бюст-паметник","rhmId":"604"}},{"type":"Feature","geometry":{"type":"Point","coordinates":[23.4917134,42.6026205]},"properties":{"x":"http://www.wikidata.org/entity/Q141109639","rhm_link":"https://registersofia.bg/?option=com_monuments&view=monument&formdata[id]=626","xLabel":"На загиналите във войните за национално обединение и във Втората световна война, заключителна фаза от с. Лозен. Военен паметник","rhmId":"626"}},{"type":"Feature","geometry":{"type":"Point","coordinates":[23.337966,42.689435]},"properties":{"x":"http://www.wikidata.org/entity/Q141109643","rhm_link":"https://registersofia.bg/?option=com_monuments&view=monument&formdata[id]=636","xLabel":"Цар Борис III, паметник, Борисова градина. Военен паметник","rhmId":"636"}},{"type":"Feature","geometry":{"type":"Point","coordinates":[23.605724,42.747483]},"properties":{"x":"http://www.wikidata.org/entity/Q141109659","rhm_link":"https://registersofia.bg/?option=com_monuments&view=monument&formdata[id]=673","xLabel":"Андон Свиленов Папукчийски, паметна плоча. Военен паметник","rhmId":"673"}},{"type":"Feature","geometry":{"type":"Point","coordinates":[23.422565,42.801576]},"properties":{"x":"http://www.wikidata.org/entity/Q141109662","rhm_link":"https://registersofia.bg/?option=com_monuments&view=monument&formdata[id]=684","xLabel":"Чешма „Св. Великомъченица Петка”, село Войнеговци","rhmId":"684"}},{"type":"Feature","geometry":{"type":"Point","coordinates":[23.3398686,42.6959742]},"properties":{"x":"http://www.wikidata.org/entity/Q141109670","rhm_link":"https://registersofia.bg/?option=com_monuments&view=monument&formdata[id]=696","xLabel":"Живко Ошавков, проф., паметна плоча","rhmId":"696"}},{"type":"Feature","geometry":{"type":"Point","coordinates":[23.3411632,42.6955115]},"properties":{"x":"http://www.wikidata.org/entity/Q141109678","rhm_link":"https://registersofia.bg/?option=com_monuments&view=monument&formdata[id]=704","xLabel":"Васил Левски, барелеф, пето РПУ","rhmId":"704"}},{"type":"Feature","geometry":{"type":"Point","coordinates":[23.2407306,42.6585698]},"properties":{"x":"http://www.wikidata.org/entity/Q141109695","rhm_link":"https://registersofia.bg/?option=com_monuments&view=monument&formdata[id]=757","xLabel":"Боян Петров, свободно-стояш паметен знак","rhmId":"757"}},{"type":"Feature","geometry":{"type":"Point","coordinates":[23.36876,42.675113]},"properties":{"x":"http://www.wikidata.org/entity/Q141109698","rhm_link":"https://registersofia.bg/?option=com_monuments&view=monument&formdata[id]=761","xLabel":"Любомир Илиев, акад., БАН – Институт по математика и информатика, паметна плоча с барелеф","rhmId":"761"}},{"type":"Feature","geometry":{"type":"Point","coordinates":[23.288813,42.711203]},"properties":{"x":"http://www.wikidata.org/entity/Q141109706","rhm_link":"https://registersofia.bg/?option=com_monuments&view=monument&formdata[id]=789","xLabel":"Минчо Пенчев, инж., паметна плоча с барелеф - интериор, ПГТЕ „Хенри Форд”","rhmId":"789"}},{"type":"Feature","geometry":{"type":"Point","coordinates":[23.338035,42.687349]},"properties":{"x":"http://www.wikidata.org/entity/Q141109717","rhm_link":"https://registersofia.bg/?option=com_monuments&view=monument&formdata[id]=802","xLabel":"„Дар от общината Уестминстър - Лондон”, свободностоящ паметен знак, Борисова градина","rhmId":"802"}},{"type":"Feature","geometry":{"type":"Point","coordinates":[23.3467004,42.6877551]},"properties":{"x":"http://www.wikidata.org/entity/Q141109725","rhm_link":"https://registersofia.bg/?option=com_monuments&view=monument&formdata[id]=812","xLabel":"Монументална стенопис „цар Иван Асен II” - интериор, 12 СУ „цар Иван Асен II”","rhmId":"812"}},{"type":"Feature","geometry":{"type":"Point","coordinates":[23.323137,42.689622]},"properties":{"x":"http://www.wikidata.org/entity/Q141109728","rhm_link":"https://registersofia.bg/?option=com_monuments&view=monument&formdata[id]=817","xLabel":"Пейо Яворов, паметник, скулптурен, къща-музей „Пейо К. Яворов“","rhmId":"817"}},{"type":"Feature","geometry":{"type":"Point","coordinates":[23.319381,42.692758]},"properties":{"x":"http://www.wikidata.org/entity/Q141109739","rhm_link":"https://registersofia.bg/?option=com_monuments&view=monument&formdata[id]=848","xLabel":"Георги Попов, ген., паметна плоча. Военен паметник","rhmId":"848"}},{"type":"Feature","geometry":{"type":"Point","coordinates":[23.347881,42.718538]},"properties":{"x":"http://www.wikidata.org/entity/Q141109755","rhm_link":"https://registersofia.bg/?option=com_monuments&view=monument&formdata[id]=873","xLabel":"Стенопис и витраж - интериор, ПГИИ „Проф. Николай Райнов”","rhmId":"873"}},{"type":"Feature","geometry":{"type":"Point","coordinates":[23.531973,42.721163]},"properties":{"x":"http://www.wikidata.org/entity/Q141109763","rhm_link":"https://registersofia.bg/?option=com_monuments&view=monument&formdata[id]=882","xLabel":"Иля Багаевски, подполк., Семьон Лабодевски, прапоршик, свободностоящ паметен знак. Паметник на Освободителната война","rhmId":"882"}},{"type":"Feature","geometry":{"type":"Point","coordinates":[23.250581,42.717794]},"properties":{"x":"http://www.wikidata.org/entity/Q141109774","rhm_link":"https://registersofia.bg/?option=com_monuments&view=monument&formdata[id]=899","xLabel":"Йордан Бинев, майор, Красимир Трошанов, Ангел Ангелов, мл. лейтенанти, паметна плоча, лобно място","rhmId":"899"}},{"type":"Feature","geometry":{"type":"Point","coordinates":[23.3696616,42.6780808]},"properties":{"x":"http://www.wikidata.org/entity/Q141109779","rhm_link":"https://registersofia.bg/?option=com_monuments&view=monument&formdata[id]=904","xLabel":"Св. Климент Охридски, барелеф-интериор, ФНОИ, СУ „Св. Климент Охридски”","rhmId":"904"}},{"type":"Feature","geometry":{"type":"Point","coordinates":[23.3277868,42.6857905]},"properties":{"x":"http://www.wikidata.org/entity/Q141109789","rhm_link":"https://registersofia.bg/?option=com_monuments&view=monument&formdata[id]=947","xLabel":"Гиньо Ганев, паметна плоча с барелеф","rhmId":"947"}},{"type":"Feature","geometry":{"type":"Point","coordinates":[23.344808,42.694834]},"properties":{"x":"http://www.wikidata.org/entity/Q141109801","rhm_link":"https://registersofia.bg/?option=com_monuments&view=monument&formdata[id]=986","xLabel":"Анджело Ронкали - Папа Йоан ХХІІІ, паметна плоча","rhmId":"986"}},{"type":"Feature","geometry":{"type":"Point","coordinates":[23.364336,42.670499]},"properties":{"x":"http://www.wikidata.org/entity/Q141109809","rhm_link":"https://registersofia.bg/?option=com_monuments&view=monument&formdata[id]=1000","xLabel":"Димитър Сагаев, проф., паметна плоча","rhmId":"1000"}},{"type":"Feature","geometry":{"type":"Point","coordinates":[23.3313623,42.696193]},"properties":{"x":"http://www.wikidata.org/entity/Q141109825","rhm_link":"https://registersofia.bg/?option=com_monuments&view=monument&formdata[id]=1025","xLabel":"Скулптурна фигура „Лъв“. Паметник на незнайния войн. Военен паметник. Архитектурно-скулптурен ансамбъл","rhmId":"1025"}},{"type":"Feature","geometry":{"type":"Point","coordinates":[23.3346621,42.6936322]},"properties":{"x":"http://www.wikidata.org/entity/Q141109834","rhm_link":"https://registersofia.bg/?option=com_monuments&view=monument&formdata[id]=1045","xLabel":"Евлоги Георгиев, паметник, скулптурен, Ректорат на СУ „Св. Климент Охридски”","rhmId":"1045"}},{"type":"Feature","geometry":{"type":"Point","coordinates":[23.280034,42.710458]},"properties":{"x":"http://www.wikidata.org/entity/Q141109840","rhm_link":"https://registersofia.bg/?option=com_monuments&view=monument&formdata[id]=1057","xLabel":"„Войнишко въстание“, паметник - гроб, Западен парк","rhmId":"1057"}},{"type":"Feature","geometry":{"type":"Point","coordinates":[23.3456373,42.6443127]},"properties":{"x":"http://www.wikidata.org/entity/Q141109844","rhm_link":"https://registersofia.bg/?option=com_monuments&view=monument&formdata[id]=1061","xLabel":"Скулптурна фигура - жена с маслиново клонче, НСА","rhmId":"1061"}},{"type":"Feature","geometry":{"type":"Point","coordinates":[23.3268545,42.692964]},"properties":{"x":"http://www.wikidata.org/entity/Q141109847","rhm_link":"https://registersofia.bg/?option=com_monuments&view=monument&formdata[id]=1067","xLabel":"„Паметник на мира” - гилзи, градина „Чайка”","rhmId":"1067"}},{"type":"Feature","geometry":{"type":"Point","coordinates":[23.3235323,42.6892286]},"properties":{"x":"http://www.wikidata.org/entity/Q141109849","rhm_link":"https://registersofia.bg/?option=com_monuments&view=monument&formdata[id]=1071","xLabel":"Константин М. Пашев, акад., проф., д-р., паметна плоча","rhmId":"1071"}},{"type":"Feature","geometry":{"type":"Point","coordinates":[23.3363279,42.6954577]},"properties":{"x":"http://www.wikidata.org/entity/Q141109853","rhm_link":"https://registersofia.bg/?option=com_monuments&view=monument&formdata[id]=1077","xLabel":"Релеф - кораб","rhmId":"1077"}},{"type":"Feature","geometry":{"type":"Point","coordinates":[23.3258354,42.6824694]},"properties":{"x":"http://www.wikidata.org/entity/Q141109854","rhm_link":"https://registersofia.bg/?option=com_monuments&view=monument&formdata[id]=1078","xLabel":"Скулптурна фигура - гола жена, Национален дарителски фонд „13 века България”","rhmId":"1078"}},{"type":"Feature","geometry":{"type":"Point","coordinates":[23.3374576,42.6976888]},"properties":{"x":"http://www.wikidata.org/entity/Q141109856","rhm_link":"https://registersofia.bg/?option=com_monuments&view=monument&formdata[id]=1080","xLabel":"Скулптурна фигура „Край извора”, културен дом „Средец”","rhmId":"1080"}},{"type":"Feature","geometry":{"type":"Point","coordinates":[23.3390373,42.6997635]},"properties":{"x":"http://www.wikidata.org/entity/Q141109858","rhm_link":"https://registersofia.bg/?option=com_monuments&view=monument&formdata[id]=1083","xLabel":"Фасадна скулптура – войн","rhmId":"1083"}},{"type":"Feature","geometry":{"type":"Point","coordinates":[23.4018166,42.8014102]},"properties":{"x":"http://www.wikidata.org/entity/Q141109906","rhm_link":"https://registersofia.bg/?option=com_monuments&view=monument&formdata[id]=1199","xLabel":"На загиналите във войните за национално обединение от с. Подгумер. Военен паметник","rhmId":"1199"}},{"type":"Feature","geometry":{"type":"Point","coordinates":[23.2741007,42.7855055]},"properties":{"x":"http://www.wikidata.org/entity/Q141109908","rhm_link":"https://registersofia.bg/?option=com_monuments&view=monument&formdata[id]=1205","xLabel":"Чешма, село Мрамор","rhmId":"1205"}},{"type":"Feature","geometry":{"type":"Point","coordinates":[23.3073534,42.6709504]},"properties":{"x":"http://www.wikidata.org/entity/Q141109920","rhm_link":"https://registersofia.bg/?option=com_monuments&view=monument&formdata[id]=1222","xLabel":"„Вишни, дар от Япония“, свободностоящ паметен знак, Южен парк","rhmId":"1222"}},{"type":"Feature","geometry":{"type":"Point","coordinates":[23.2697901,42.6775627]},"properties":{"x":"http://www.wikidata.org/entity/Q141109928","rhm_link":"https://registersofia.bg/?option=com_monuments&view=monument&formdata[id]=942","xLabel":"Скулптурна фигура - голо момиче, парк „Овча купел”","rhmId":"942"}},{"type":"Feature","geometry":{"type":"Point","coordinates":[23.331371,42.688342]},"properties":{"x":"http://www.wikidata.org/entity/Q141110015","rhm_link":"https://registersofia.bg/?option=com_monuments&view=monument&formdata[id]=268","xLabel":"Камен Калчев, паметна плоча","rhmId":"268"}},{"type":"Feature","geometry":{"type":"Point","coordinates":[23.406579,42.626395]},"properties":{"x":"http://www.wikidata.org/entity/Q141110089","rhm_link":"https://registersofia.bg/?option=com_monuments&view=monument&formdata[id]=768","xLabel":"Борис Рангелов, свободностоящ паметен знак","rhmId":"768"}},{"type":"Feature","geometry":{"type":"Point","coordinates":[23.310022,42.694358]},"properties":{"x":"http://www.wikidata.org/entity/Q141110092","rhm_link":"https://registersofia.bg/?option=com_monuments&view=monument&formdata[id]=771","xLabel":"Дамян Груев, бюст-паметник","rhmId":"771"}},{"type":"Feature","geometry":{"type":"Point","coordinates":[23.292297,42.583209]},"properties":{"x":"http://www.wikidata.org/entity/Q141110096","rhm_link":"https://registersofia.bg/?option=com_monuments&view=monument&formdata[id]=775","xLabel":"Любомир Врингов, паметна плоча, Природен парк „Витоша”","rhmId":"775"}},{"type":"Feature","geometry":{"type":"Point","coordinates":[23.321264,42.6911706]},"properties":{"x":"http://www.wikidata.org/entity/Q141110105","rhm_link":"https://registersofia.bg/?option=com_monuments&view=monument&formdata[id]=809","xLabel":"Монументална стенопис - интериор, 127 СУ „Иван Николаевич Денкоглу”","rhmId":"809"}},{"type":"Feature","geometry":{"type":"Point","coordinates":[23.339242,42.693665]},"properties":{"x":"http://www.wikidata.org/entity/Q141110108","rhm_link":"https://registersofia.bg/?option=com_monuments&view=monument&formdata[id]=819","xLabel":"„Паметник на победителите”. Паметник на Освободителната война","rhmId":"819"}},{"type":"Feature","geometry":{"type":"Point","coordinates":[23.3209668,42.6948297]},"properties":{"x":"http://www.wikidata.org/entity/Q141110116","rhm_link":"https://registersofia.bg/?option=com_monuments&view=monument&formdata[id]=837","xLabel":"Никола Крушкин - Чолака, паметна плоча, лобно място","rhmId":"837"}},{"type":"Feature","geometry":{"type":"Point","coordinates":[23.3225236,42.6946506]},"properties":{"x":"http://www.wikidata.org/entity/Q141110119","rhm_link":"https://registersofia.bg/?option=com_monuments&view=monument&formdata[id]=840","xLabel":"Скулптурна фигура - орел - интериор, Застрахователно дружество „Орел”","rhmId":"840"}},{"type":"Feature","geometry":{"type":"Point","coordinates":[23.3323907,42.6959131]},"properties":{"x":"http://www.wikidata.org/entity/Q141110135","rhm_link":"https://registersofia.bg/?option=com_monuments&view=monument&formdata[id]=888","xLabel":"„Вечна слава на падналите за свободата на България руски войни”, строителен надпис. Паметник на Освободителната война","rhmId":"888"}},{"type":"Feature","geometry":{"type":"Point","coordinates":[23.279111,42.564028]},"properties":{"x":"http://www.wikidata.org/entity/Q141110137","rhm_link":"https://registersofia.bg/?option=com_monuments&view=monument&formdata[id]=910","xLabel":"„Сто години организирано туристическо движени в България” , Природен парк „Витоша”","rhmId":"910"}},{"type":"Feature","geometry":{"type":"Point","coordinates":[23.296806,42.684634]},"properties":{"x":"http://www.wikidata.org/entity/Q141110139","rhm_link":"https://registersofia.bg/?option=com_monuments&view=monument&formdata[id]=913","xLabel":"Георги Димитров, проф., паметна плоча","rhmId":"913"}},{"type":"Feature","geometry":{"type":"Point","coordinates":[23.3284891,42.6903672]},"properties":{"x":"http://www.wikidata.org/entity/Q141110140","rhm_link":"https://registersofia.bg/?option=com_monuments&view=monument&formdata[id]=915","xLabel":"„Шандор Петьофи”, монументална стенопис, 7 СОУ „Св. Седмочисленици”","rhmId":"915"}},{"type":"Feature","geometry":{"type":"Point","coordinates":[23.3186234,42.6928537]},"properties":{"x":"http://www.wikidata.org/entity/Q141110163","rhm_link":"https://registersofia.bg/?option=com_monuments&view=monument&formdata[id]=1172","xLabel":"Ивайло Петров, паметна плоча с барелеф","rhmId":"1172"}},{"type":"Feature","geometry":{"type":"Point","coordinates":[23.3359635,42.6939984]},"properties":{"x":"http://www.wikidata.org/entity/Q141110168","rhm_link":"https://registersofia.bg/?option=com_monuments&view=monument&formdata[id]=1184","xLabel":"Фасадни скулптури „Климент Охридски и неговите ученици”, Ректорат на СУ „Св. Климент Охридски”, Ново крило","rhmId":"1184"}},{"type":"Feature","geometry":{"type":"Point","coordinates":[23.316367,42.694101]},"properties":{"x":"http://www.wikidata.org/entity/Q141110288","rhm_link":"https://registersofia.bg/?option=com_monuments&view=monument&formdata[id]=379","xLabel":"Димитър Ненов, паметна плоча","rhmId":"379"}},{"type":"Feature","geometry":{"type":"Point","coordinates":[23.311816,42.691365]},"properties":{"x":"http://www.wikidata.org/entity/Q141110316","rhm_link":"https://registersofia.bg/?option=com_monuments&view=monument&formdata[id]=400","xLabel":"Лайош Кошут, паметна плоча","rhmId":"400"}},{"type":"Feature","geometry":{"type":"Point","coordinates":[23.329062,42.704063]},"properties":{"x":"http://www.wikidata.org/entity/Q141110341","rhm_link":"https://registersofia.bg/?option=com_monuments&view=monument&formdata[id]=463","xLabel":"„На командването на сухопътните войски на българската армия“, паметна плоча","rhmId":"463"}},{"type":"Feature","geometry":{"type":"Point","coordinates":[23.274149,42.785286]},"properties":{"x":"http://www.wikidata.org/entity/Q141110357","rhm_link":"https://registersofia.bg/?option=com_monuments&view=monument&formdata[id]=546","xLabel":"На загиналите във войните за национално обединение, във Втората световна война, заключителна фаза (и в съпротивителното движение) от с. Мрамор. Военен паметник","rhmId":"546"}},{"type":"Feature","geometry":{"type":"Point","coordinates":[23.237067,42.677399]},"properties":{"x":"http://www.wikidata.org/entity/Q141110358","rhm_link":"https://registersofia.bg/?option=com_monuments&view=monument&formdata[id]=547","xLabel":"На загиналите във войните за национално обединение от с. Горна баня. Военен паметник","rhmId":"547"}},{"type":"Feature","geometry":{"type":"Point","coordinates":[23.221647,42.719946]},"properties":{"x":"http://www.wikidata.org/entity/Q141110359","rhm_link":"https://registersofia.bg/?option=com_monuments&view=monument&formdata[id]=548","xLabel":"На загиналите във войните за национално обединение и във Втората световна война (заключителна фаза) от с. Филиповци. Военен паметник","rhmId":"548"}},{"type":"Feature","geometry":{"type":"Point","coordinates":[23.236676,42.676846]},"properties":{"x":"http://www.wikidata.org/entity/Q141110361","rhm_link":"https://registersofia.bg/?option=com_monuments&view=monument&formdata[id]=550","xLabel":"На загиналите във Втората световна война, заключителна фаза (в съпротивителното движение и др.) от кв. „Горна Баня”. Военен паметник","rhmId":"550"}},{"type":"Feature","geometry":{"type":"Point","coordinates":[23.119856,42.69206]},"properties":{"x":"http://www.wikidata.org/entity/Q141110365","rhm_link":"https://registersofia.bg/?option=com_monuments&view=monument&formdata[id]=554","xLabel":"На загиналите във войните за национално обединение от с. Михайлово. Военен паметник","rhmId":"554"}},{"type":"Feature","geometry":{"type":"Point","coordinates":[23.465128,42.680135]},"properties":{"x":"http://www.wikidata.org/entity/Q141110368","rhm_link":"https://registersofia.bg/?option=com_monuments&view=monument&formdata[id]=558","xLabel":"На загиналите във войните за национално обединение, във Втората световна война, заключителна фаза и др. от с. Кривина. Военен паметник. Архитектурно-скулптурен ансамбъл","rhmId":"558"}},{"type":"Feature","geometry":{"type":"Point","coordinates":[23.3076109,42.6716086]},"properties":{"x":"http://www.wikidata.org/entity/Q141110374","rhm_link":"https://registersofia.bg/?option=com_monuments&view=monument&formdata[id]=568","xLabel":"„Гълъбите“, паметник, скулптурен, Южен парк","rhmId":"568"}},{"type":"Feature","geometry":{"type":"Point","coordinates":[23.35662,42.676531]},"properties":{"x":"http://www.wikidata.org/entity/Q141110396","rhm_link":"https://registersofia.bg/?option=com_monuments&view=monument&formdata[id]=733","xLabel":"Лъчезар Станчев, паметна плоча","rhmId":"733"}},{"type":"Feature","geometry":{"type":"Point","coordinates":[23.33464,42.688294]},"properties":{"x":"http://www.wikidata.org/entity/Q141110398","rhm_link":"https://registersofia.bg/?option=com_monuments&view=monument&formdata[id]=932","xLabel":"Георги Николов Мърков, класическа борба, 1971 г., Национален стадион „Васил Левски”, паметна плоча","rhmId":"932"}},{"type":"Feature","geometry":{"type":"Point","coordinates":[23.3471781,42.6956579]},"properties":{"x":"http://www.wikidata.org/entity/Q141110401","rhm_link":"https://registersofia.bg/?option=com_monuments&view=monument&formdata[id]=976","xLabel":"Младен Павлов, козлодуйското даскалче, паметна плоча","rhmId":"976"}},{"type":"Feature","geometry":{"type":"Point","coordinates":[23.34163,42.697639]},"properties":{"x":"http://www.wikidata.org/entity/Q141110405","rhm_link":"https://registersofia.bg/?option=com_monuments&view=monument&formdata[id]=1062","xLabel":"Скулптура „Залез”, парк „Заимов“","rhmId":"1062"}},{"type":"Feature","geometry":{"type":"Point","coordinates":[23.4096221,42.6307858]},"properties":{"x":"http://www.wikidata.org/entity/Q141110409","rhm_link":"https://registersofia.bg/?option=com_monuments&view=monument&formdata[id]=1069","xLabel":"Васил Априлов, монументална стенопис, 82 ОУ „Васил Априлов”","rhmId":"1069"}},{"type":"Feature","geometry":{"type":"Point","coordinates":[23.316109,42.694174]},"properties":{"x":"http://www.wikidata.org/entity/Q141110435","rhm_link":"https://registersofia.bg/?option=com_monuments&view=monument&formdata[id]=1120","xLabel":"Генко Шойлеков, Невена Данова-Шойлекова, Христо Г. Данов, Антон Торньов, арх., паметна плоча, строителен надпис","rhmId":"1120"}},{"type":"Feature","geometry":{"type":"Point","coordinates":[23.334529,42.682404]},"properties":{"x":"http://www.wikidata.org/entity/Q141110439","rhm_link":"https://registersofia.bg/?option=com_monuments&view=monument&formdata[id]=1124","xLabel":"Хараламби Ангелов, паметна плоча","rhmId":"1124"}},{"type":"Feature","geometry":{"type":"Point","coordinates":[23.360077,42.585999]},"properties":{"x":"http://www.wikidata.org/entity/Q141110441","rhm_link":"https://registersofia.bg/?option=com_monuments&view=monument&formdata[id]=1126","xLabel":"Скулптурни фигури, Бистрица","rhmId":"1126"}},{"type":"Feature","geometry":{"type":"Point","coordinates":[23.3243371,42.6683036]},"properties":{"x":"http://www.wikidata.org/entity/Q141110442","rhm_link":"https://registersofia.bg/?option=com_monuments&view=monument&formdata[id]=1128","xLabel":"Нейчо Попов, Георги Калоянчев, Стоянка Мутафова, паметна плоча","rhmId":"1128"}},{"type":"Feature","geometry":{"type":"Point","coordinates":[23.36575,42.533724]},"properties":{"x":"http://www.wikidata.org/entity/Q141110445","rhm_link":"https://registersofia.bg/?option=com_monuments&view=monument&formdata[id]=1131","xLabel":"Иван Стоянов Алексов, паметна плоча","rhmId":"1131"}},{"type":"Feature","geometry":{"type":"Point","coordinates":[23.326476,42.692272]},"properties":{"x":"http://www.wikidata.org/entity/Q141110446","rhm_link":"https://registersofia.bg/?option=com_monuments&view=monument&formdata[id]=1132","xLabel":"Зджислав Зембжуски, паметна плоча","rhmId":"1132"}},{"type":"Feature","geometry":{"type":"Point","coordinates":[23.3093399,42.6290408]},"properties":{"x":"http://www.wikidata.org/entity/Q141110459","rhm_link":"https://registersofia.bg/?option=com_monuments&view=monument&formdata[id]=1144","xLabel":"Чешма със скулптурна фигура – диво козле","rhmId":"1144"}},{"type":"Feature","geometry":{"type":"Point","coordinates":[23.3332949,42.6808518]},"properties":{"x":"http://www.wikidata.org/entity/Q141110460","rhm_link":"https://registersofia.bg/?option=com_monuments&view=monument&formdata[id]=1147","xLabel":"Боян Икономов, паметна плоча","rhmId":"1147"}},{"type":"Feature","geometry":{"type":"Point","coordinates":[23.322664,42.701538]},"properties":{"x":"http://www.wikidata.org/entity/Q141110502","rhm_link":"https://registersofia.bg/?option=com_monuments&view=monument&formdata[id]=724","xLabel":"Декоративни елементи – орли, фасадна скулптура","rhmId":"724"}},{"type":"Feature","geometry":{"type":"Point","coordinates":[23.219854,42.651012]},"properties":{"x":"http://www.wikidata.org/entity/Q141110536","rhm_link":"https://registersofia.bg/?option=com_monuments&view=monument&formdata[id]=755","xLabel":"Княз Александър Батенберг, монограм, мост","rhmId":"755"}},{"type":"Feature","geometry":{"type":"Point","coordinates":[23.334358,42.688111]},"properties":{"x":"http://www.wikidata.org/entity/Q141110551","rhm_link":"https://registersofia.bg/?option=com_monuments&view=monument&formdata[id]=928","xLabel":"Петър Велев Киров, класическа борба, 1971 г., Национален стадион „Васил Левски”, паметна плоча","rhmId":"928"}},{"type":"Feature","geometry":{"type":"Point","coordinates":[23.3298912,42.6945823]},"properties":{"x":"http://www.wikidata.org/entity/Q141110568","rhm_link":"https://registersofia.bg/?option=com_monuments&view=monument&formdata[id]=954","xLabel":"Скулптурни фигури - Сърни, градина „Кристал”","rhmId":"954"}},{"type":"Feature","geometry":{"type":"Point","coordinates":[23.2354636,42.7335949]},"properties":{"x":"http://www.wikidata.org/entity/Q141110570","rhm_link":"https://registersofia.bg/?option=com_monuments&view=monument&formdata[id]=956","xLabel":"Никола Пушкаров, бюст-паметник, Институт „Пушкаров”","rhmId":"956"}},{"type":"Feature","geometry":{"type":"Point","coordinates":[23.242704,42.686063]},"properties":{"x":"http://www.wikidata.org/entity/Q141110571","rhm_link":"https://registersofia.bg/?option=com_monuments&view=monument&formdata[id]=958","xLabel":"Пано, 33 ОДЗ „Сребърни звънчета”","rhmId":"958"}},{"type":"Feature","geometry":{"type":"Point","coordinates":[23.242849,42.686037]},"properties":{"x":"http://www.wikidata.org/entity/Q141110572","rhm_link":"https://registersofia.bg/?option=com_monuments&view=monument&formdata[id]=959","xLabel":"Скулптура, абстрактна, 33 ОДЗ „Сребърни звънчета”","rhmId":"959"}},{"type":"Feature","geometry":{"type":"Point","coordinates":[23.243869,42.68699]},"properties":{"x":"http://www.wikidata.org/entity/Q141110573","rhm_link":"https://registersofia.bg/?option=com_monuments&view=monument&formdata[id]=960","xLabel":"Пано, 84 ОДЗ „Детелина”","rhmId":"960"}},{"type":"Feature","geometry":{"type":"Point","coordinates":[23.3289994,42.6771158]},"properties":{"x":"http://www.wikidata.org/entity/Q141110575","rhm_link":"https://registersofia.bg/?option=com_monuments&view=monument&formdata[id]=962","xLabel":"Скулптурна фигура - майка с дете","rhmId":"962"}},{"type":"Feature","geometry":{"type":"Point","coordinates":[23.332202,42.698231]},"properties":{"x":"http://www.wikidata.org/entity/Q141110585","rhm_link":"https://registersofia.bg/?option=com_monuments&view=monument&formdata[id]=972","xLabel":"Храбър Попов, проф., паметна плоча","rhmId":"972"}},{"type":"Feature","geometry":{"type":"Point","coordinates":[23.605505,42.74633]},"properties":{"x":"http://www.wikidata.org/entity/Q141110592","rhm_link":"https://registersofia.bg/?option=com_monuments&view=monument&formdata[id]=994","xLabel":"На загиналите във войните за национално обединение, във Втората световна война, заключителна фаза (в съпротивителното движение и др.) от с. Желява, паметна плоча. Военен паметник","rhmId":"994"}},{"type":"Feature","geometry":{"type":"Point","coordinates":[23.4451623,42.7993505]},"properties":{"x":"http://www.wikidata.org/entity/Q141114883","rhm_link":"https://registersofia.bg/?option=com_monuments&view=monument&formdata[id]=1043","xLabel":"Костница, село Локорско","rhmId":"1043"}},{"type":"Feature","geometry":{"type":"Point","coordinates":[23.334713,42.6933855]},"properties":{"x":"http://www.wikidata.org/entity/Q141114885","rhm_link":"https://registersofia.bg/?option=com_monuments&view=monument&formdata[id]=1046","xLabel":"Христо Георгиев, паметник, скулптурен, Ректорат на СУ „Св. Климент Охридски”","rhmId":"1046"}},{"type":"Feature","geometry":{"type":"Point","coordinates":[23.294176,42.6833391]},"properties":{"x":"http://www.wikidata.org/entity/Q141114894","rhm_link":"https://registersofia.bg/?option=com_monuments&view=monument&formdata[id]=1096","xLabel":"Скулптура","rhmId":"1096"}},{"type":"Feature","geometry":{"type":"Point","coordinates":[23.23845,42.611422]},"properties":{"x":"http://www.wikidata.org/entity/Q141114895","rhm_link":"https://registersofia.bg/?option=com_monuments&view=monument&formdata[id]=1137","xLabel":"Чешма","rhmId":"1137"}},{"type":"Feature","geometry":{"type":"Point","coordinates":[23.33828,42.68873]},"properties":{"x":"http://www.wikidata.org/entity/Q92619995","rhm_link":"https://registersofia.bg/?option=com_monuments&view=monument&formdata[id]=642","xLabel":"Бюст-паметник на д-р Петър Берон","rhmId":"642"}},{"type":"Feature","geometry":{"type":"Point","coordinates":[23.30976,42.70232]},"properties":{"x":"http://www.wikidata.org/entity/Q108551736","rhm_link":"https://registersofia.bg/?option=com_monuments&view=monument&formdata[id]=533","xLabel":"Паметник на Одринската епопея","rhmId":"533"}},{"type":"Feature","geometry":{"type":"Point","coordinates":[23.465694444,42.664194444]},"properties":{"x":"http://www.wikidata.org/entity/Q130295309","rhm_link":"https://registersofia.bg/?option=com_monuments&view=monument&formdata[id]=887","xLabel":"паметна плоча в Казичене","rhmId":"887"}},{"type":"Feature","geometry":{"type":"Point","coordinates":[23.32075,42.671805555]},"properties":{"x":"http://www.wikidata.org/entity/Q130295312","rhm_link":"https://registersofia.bg/?option=com_monuments&view=monument&formdata[id]=1180","xLabel":"Кръста","rhmId":"1180"}},{"type":"Feature","geometry":{"type":"Point","coordinates":[23.325765,42.698011]},"properties":{"x":"http://www.wikidata.org/entity/Q141109547","rhm_link":"https://registersofia.bg/?option=com_monuments&view=monument&formdata[id]=461","xLabel":"Стоян Неделчев Табаков, паметна плоча, лобно място","rhmId":"461"}},{"type":"Feature","geometry":{"type":"Point","coordinates":[23.345633,42.693648]},"properties":{"x":"http://www.wikidata.org/entity/Q141109559","rhm_link":"https://registersofia.bg/?option=com_monuments&view=monument&formdata[id]=482","xLabel":"Милко Бичев, проф., паметна плоча","rhmId":"482"}},{"type":"Feature","geometry":{"type":"Point","coordinates":[23.343906,42.693589]},"properties":{"x":"http://www.wikidata.org/entity/Q141109566","rhm_link":"https://registersofia.bg/?option=com_monuments&view=monument&formdata[id]=489","xLabel":"Стоян Иванов Брънчев, акад., паметна плоча","rhmId":"489"}},{"type":"Feature","geometry":{"type":"Point","coordinates":[23.515059,42.741766]},"properties":{"x":"http://www.wikidata.org/entity/Q141109580","rhm_link":"https://registersofia.bg/?option=com_monuments&view=monument&formdata[id]=513","xLabel":"Монументална стенопис (сграфито), ПГМ „Акад. Иван Бардин\"\"","rhmId":"513"}},{"type":"Feature","geometry":{"type":"Point","coordinates":[23.351468,42.681234]},"properties":{"x":"http://www.wikidata.org/entity/Q141109581","rhm_link":"https://registersofia.bg/?option=com_monuments&view=monument&formdata[id]=514","xLabel":"Монументална стенопис (сграфито), НХА - Факултет за приложни изкуства","rhmId":"514"}},{"type":"Feature","geometry":{"type":"Point","coordinates":[23.315428,42.6970583]},"properties":{"x":"http://www.wikidata.org/entity/Q141109599","rhm_link":"https://registersofia.bg/?option=com_monuments&view=monument&formdata[id]=535","xLabel":"Дом-паметник на офицерите и сержантите от запаса. Военен паметник","rhmId":"535"}},{"type":"Feature","geometry":{"type":"Point","coordinates":[23.345961,42.741603]},"properties":{"x":"http://www.wikidata.org/entity/Q141109603","rhm_link":"https://registersofia.bg/?option=com_monuments&view=monument&formdata[id]=539","xLabel":"На загиналите във войните за национално обединение и във Втората световна война, заключителна фаза от кв. „Бенковски“. Военен паметник","rhmId":"539"}},{"type":"Feature","geometry":{"type":"Point","coordinates":[23.338838,42.687065]},"properties":{"x":"http://www.wikidata.org/entity/Q141109618","rhm_link":"https://registersofia.bg/?option=com_monuments&view=monument&formdata[id]=593","xLabel":"Людмил Стоянов, бюст-паметник, Борисова градина","rhmId":"593"}},{"type":"Feature","geometry":{"type":"Point","coordinates":[23.14473,42.706993]},"properties":{"x":"http://www.wikidata.org/entity/Q141109626","rhm_link":"https://registersofia.bg/?option=com_monuments&view=monument&formdata[id]=607","xLabel":"Скулптурна група „Трима братя, три сокола“","rhmId":"607"}},{"type":"Feature","geometry":{"type":"Point","coordinates":[23.313432,42.67484]},"properties":{"x":"http://www.wikidata.org/entity/Q141109630","rhm_link":"https://registersofia.bg/?option=com_monuments&view=monument&formdata[id]=611","xLabel":"Петър Стойчев, свободностоящ паметен знак","rhmId":"611"}},{"type":"Feature","geometry":{"type":"Point","coordinates":[23.428699,42.554719]},"properties":{"x":"http://www.wikidata.org/entity/Q141109634","rhm_link":"https://registersofia.bg/?option=com_monuments&view=monument&formdata[id]=616","xLabel":"„Трудовака“, паметник, архитектурно-скулптурен ансамбъл","rhmId":"616"}},{"type":"Feature","geometry":{"type":"Point","coordinates":[23.605696,42.746185]},"properties":{"x":"http://www.wikidata.org/entity/Q141109658","rhm_link":"https://registersofia.bg/?option=com_monuments&view=monument&formdata[id]=672","xLabel":"Боне Дамянов Калов- Цендин, паметна плоча. Военен паметник","rhmId":"672"}},{"type":"Feature","geometry":{"type":"Point","coordinates":[23.284105,42.823738]},"properties":{"x":"http://www.wikidata.org/entity/Q141109660","rhm_link":"https://registersofia.bg/?option=com_monuments&view=monument&formdata[id]=675","xLabel":"На загиналите във войните за национално обединение от с. Доброславци. Военен паметник","rhmId":"675"}},{"type":"Feature","geometry":{"type":"Point","coordinates":[23.326344,42.700656]},"properties":{"x":"http://www.wikidata.org/entity/Q141109689","rhm_link":"https://registersofia.bg/?option=com_monuments&view=monument&formdata[id]=718","xLabel":"„Прегръдката”, монументална стенопис","rhmId":"718"}},{"type":"Feature","geometry":{"type":"Point","coordinates":[23.326522,42.699805]},"properties":{"x":"http://www.wikidata.org/entity/Q141109690","rhm_link":"https://registersofia.bg/?option=com_monuments&view=monument&formdata[id]=719","xLabel":"Монументална стенопис","rhmId":"719"}},{"type":"Feature","geometry":{"type":"Point","coordinates":[23.2483331,42.6949435]},"properties":{"x":"http://www.wikidata.org/entity/Q141109708","rhm_link":"https://registersofia.bg/?option=com_monuments&view=monument&formdata[id]=791","xLabel":"Любен Каравелов, паметник, ВСУ „Любен Каравелов\"\"","rhmId":"791"}},{"type":"Feature","geometry":{"type":"Point","coordinates":[23.410434,42.609855]},"properties":{"x":"http://www.wikidata.org/entity/Q141109714","rhm_link":"https://registersofia.bg/?option=com_monuments&view=monument&formdata[id]=798","xLabel":"Чешма - роза","rhmId":"798"}},{"type":"Feature","geometry":{"type":"Point","coordinates":[23.382717,42.689358]},"properties":{"x":"http://www.wikidata.org/entity/Q141109724","rhm_link":"https://registersofia.bg/?option=com_monuments&view=monument&formdata[id]=811","xLabel":"Христо Ботев, бюст-паметник","rhmId":"811"}},{"type":"Feature","geometry":{"type":"Point","coordinates":[23.3463597,42.6876017]},"properties":{"x":"http://www.wikidata.org/entity/Q141109726","rhm_link":"https://registersofia.bg/?option=com_monuments&view=monument&formdata[id]=813","xLabel":"Пано със скулптурна фигура - интериор, 12 СУ „цар Иван Асен II”","rhmId":"813"}},{"type":"Feature","geometry":{"type":"Point","coordinates":[23.347988,42.691867]},"properties":{"x":"http://www.wikidata.org/entity/Q141109741","rhm_link":"https://registersofia.bg/?option=com_monuments&view=monument&formdata[id]=852","xLabel":"„Българските военни победи”, паметни плочи, Военна Академия","rhmId":"852"}},{"type":"Feature","geometry":{"type":"Point","coordinates":[23.334909,42.702112]},"properties":{"x":"http://www.wikidata.org/entity/Q141109748","rhm_link":"https://registersofia.bg/?option=com_monuments&view=monument&formdata[id]=859","xLabel":"Чешма със скулптурна фигура - катеричка","rhmId":"859"}},{"type":"Feature","geometry":{"type":"Point","coordinates":[23.3466883,42.6934004]},"properties":{"x":"http://www.wikidata.org/entity/Q141109749","rhm_link":"https://registersofia.bg/?option=com_monuments&view=monument&formdata[id]=860","xLabel":"Антим І, бюст - интериор, 129 ОУ „Антим І”","rhmId":"860"}},{"type":"Feature","geometry":{"type":"Point","coordinates":[23.380186,42.64219]},"properties":{"x":"http://www.wikidata.org/entity/Q141109752","rhm_link":"https://registersofia.bg/?option=com_monuments&view=monument&formdata[id]=864","xLabel":"Бивш казармен район 8-ми километър, свободностоящ паметен знак","rhmId":"864"}},{"type":"Feature","geometry":{"type":"Point","coordinates":[23.33863,42.696431]},"properties":{"x":"http://www.wikidata.org/entity/Q141109753","rhm_link":"https://registersofia.bg/?option=com_monuments&view=monument&formdata[id]=869","xLabel":"Скулптурна група „Майчинство”","rhmId":"869"}},{"type":"Feature","geometry":{"type":"Point","coordinates":[23.319342,42.695993]},"properties":{"x":"http://www.wikidata.org/entity/Q141109773","rhm_link":"https://registersofia.bg/?option=com_monuments&view=monument&formdata[id]=896","xLabel":"Вито Позитано, паметна плоча с барелеф","rhmId":"896"}},{"type":"Feature","geometry":{"type":"Point","coordinates":[23.3336936,42.6838355]},"properties":{"x":"http://www.wikidata.org/entity/Q141109776","rhm_link":"https://registersofia.bg/?option=com_monuments&view=monument&formdata[id]=901","xLabel":"Св. Климент Охридски, паметна плоча с барелеф, БФ, СУ „Св. Климент Охридски”","rhmId":"901"}},{"type":"Feature","geometry":{"type":"Point","coordinates":[23.3389984,42.8017678]},"properties":{"x":"http://www.wikidata.org/entity/Q141109797","rhm_link":"https://registersofia.bg/?option=com_monuments&view=monument&formdata[id]=983","xLabel":"Богдан Личев, инж., паметник","rhmId":"983"}},{"type":"Feature","geometry":{"type":"Point","coordinates":[23.2700286,42.7432023]},"properties":{"x":"http://www.wikidata.org/entity/Q141109803","rhm_link":"https://registersofia.bg/?option=com_monuments&view=monument&formdata[id]=988","xLabel":"Дмитрий Лихачов, акад., бюст-паметник","rhmId":"988"}},{"type":"Feature","geometry":{"type":"Point","coordinates":[23.315459,42.774191]},"properties":{"x":"http://www.wikidata.org/entity/Q141109804","rhm_link":"https://registersofia.bg/?option=com_monuments&view=monument&formdata[id]=990","xLabel":"Васил Левски – хан на Михаил Наумов и Янаки Ничов, с. Требич, паметна плоча","rhmId":"990"}},{"type":"Feature","geometry":{"type":"Point","coordinates":[23.3643412,42.670946]},"properties":{"x":"http://www.wikidata.org/entity/Q141109812","rhm_link":"https://registersofia.bg/?option=com_monuments&view=monument&formdata[id]=1003","xLabel":"Чешма, абстрактна","rhmId":"1003"}},{"type":"Feature","geometry":{"type":"Point","coordinates":[23.3240219,42.691707]},"properties":{"x":"http://www.wikidata.org/entity/Q141109813","rhm_link":"https://registersofia.bg/?option=com_monuments&view=monument&formdata[id]=1005","xLabel":"Фасадна скулптура, „Мъж – строител, жена – „Архитектура”, Столична библиотека","rhmId":"1005"}},{"type":"Feature","geometry":{"type":"Point","coordinates":[23.533381,42.720208]},"properties":{"x":"http://www.wikidata.org/entity/Q141109819","rhm_link":"https://registersofia.bg/?option=com_monuments&view=monument&formdata[id]=1012","xLabel":"Чешма с корито, село Горни Богров","rhmId":"1012"}},{"type":"Feature","geometry":{"type":"Point","coordinates":[23.3280727,42.6860214]},"properties":{"x":"http://www.wikidata.org/entity/Q141109824","rhm_link":"https://registersofia.bg/?option=com_monuments&view=monument&formdata[id]=1021","xLabel":"Никола Иванов, ген., паметна плоча. Военен паметник","rhmId":"1021"}},{"type":"Feature","geometry":{"type":"Point","coordinates":[23.303888,42.696113]},"properties":{"x":"http://www.wikidata.org/entity/Q141109842","rhm_link":"https://registersofia.bg/?option=com_monuments&view=monument&formdata[id]=1059","xLabel":"Чешма, типова","rhmId":"1059"}},{"type":"Feature","geometry":{"type":"Point","coordinates":[23.3225437,42.6929364]},"properties":{"x":"http://www.wikidata.org/entity/Q141109845","rhm_link":"https://registersofia.bg/?option=com_monuments&view=monument&formdata[id]=1063","xLabel":"Цветан Радославов, паметни плочи - интериор","rhmId":"1063"}},{"type":"Feature","geometry":{"type":"Point","coordinates":[23.327452,42.6951669]},"properties":{"x":"http://www.wikidata.org/entity/Q141109846","rhm_link":"https://registersofia.bg/?option=com_monuments&view=monument&formdata[id]=1064","xLabel":"Зала „България”, Станчо Белковски, арх., Иван Данчов, арх., паметна плоча, строителен надпис - интериор","rhmId":"1064"}},{"type":"Feature","geometry":{"type":"Point","coordinates":[23.3258649,42.6824142]},"properties":{"x":"http://www.wikidata.org/entity/Q141109855","rhm_link":"https://registersofia.bg/?option=com_monuments&view=monument&formdata[id]=1079","xLabel":"Скулптура, абстрактна, на проф. Васил Геров","rhmId":"1079"}},{"type":"Feature","geometry":{"type":"Point","coordinates":[23.3352837,42.6952496]},"properties":{"x":"http://www.wikidata.org/entity/Q141109860","rhm_link":"https://registersofia.bg/?option=com_monuments&view=monument&formdata[id]=1084","xLabel":"„Вишни, дар от Япония, Токайския университет на София”, свободностоящ паметен знак","rhmId":"1084"}},{"type":"Feature","geometry":{"type":"Point","coordinates":[23.3340963,42.6962882]},"properties":{"x":"http://www.wikidata.org/entity/Q141109871","rhm_link":"https://registersofia.bg/?option=com_monuments&view=monument&formdata[id]=1099","xLabel":"Фасадна скулптура, Национална галерия за чуждестранно изкуство („Квадрат 500”)","rhmId":"1099"}},{"type":"Feature","geometry":{"type":"Point","coordinates":[23.3138356,42.6891918]},"properties":{"x":"http://www.wikidata.org/entity/Q141109874","rhm_link":"https://registersofia.bg/?option=com_monuments&view=monument&formdata[id]=1102","xLabel":"Александър Миланов, паметна плоча с барелеф","rhmId":"1102"}},{"type":"Feature","geometry":{"type":"Point","coordinates":[23.325866,42.6833553]},"properties":{"x":"http://www.wikidata.org/entity/Q141109878","rhm_link":"https://registersofia.bg/?option=com_monuments&view=monument&formdata[id]=1106","xLabel":"Фасадна скулптура „Бог Меркурий”, НФСГ","rhmId":"1106"}},{"type":"Feature","geometry":{"type":"Point","coordinates":[23.3238571,42.6947364]},"properties":{"x":"http://www.wikidata.org/entity/Q141109879","rhm_link":"https://registersofia.bg/?option=com_monuments&view=monument&formdata[id]=1107","xLabel":"Фасадна скулптора - девойки","rhmId":"1107"}},{"type":"Feature","geometry":{"type":"Point","coordinates":[23.325597,42.685706]},"properties":{"x":"http://www.wikidata.org/entity/Q141109883","rhm_link":"https://registersofia.bg/?option=com_monuments&view=monument&formdata[id]=1113","xLabel":"Йордан Русков, паметна плоча","rhmId":"1113"}},{"type":"Feature","geometry":{"type":"Point","coordinates":[23.21024,42.619101]},"properties":{"x":"http://www.wikidata.org/entity/Q141109885","rhm_link":"https://registersofia.bg/?option=com_monuments&view=monument&formdata[id]=1143","xLabel":"Митко Йотов Митев (Мадри), свободностоящ паметен знак, Природен парк „Витоша”","rhmId":"1143"}},{"type":"Feature","geometry":{"type":"Point","coordinates":[23.3263575,42.6940221]},"properties":{"x":"http://www.wikidata.org/entity/Q141109892","rhm_link":"https://registersofia.bg/?option=com_monuments&view=monument&formdata[id]=1176","xLabel":"Фасадна скулптура - музи, Народен театър „Иван Вазов” – западна фасада","rhmId":"1176"}},{"type":"Feature","geometry":{"type":"Point","coordinates":[23.3253708,42.6837585]},"properties":{"x":"http://www.wikidata.org/entity/Q141109897","rhm_link":"https://registersofia.bg/?option=com_monuments&view=monument&formdata[id]=1187","xLabel":"Георги С. Раковски, бюст-паметник, 120 ОУ „Георги С. Раковски”","rhmId":"1187"}},{"type":"Feature","geometry":{"type":"Point","coordinates":[23.3261039,42.6950618]},"properties":{"x":"http://www.wikidata.org/entity/Q141109899","rhm_link":"https://registersofia.bg/?option=com_monuments&view=monument&formdata[id]=1189","xLabel":"Скулптурна фигура „Пееща девойка”, СГХ","rhmId":"1189"}},{"type":"Feature","geometry":{"type":"Point","coordinates":[23.3230093,42.6997007]},"properties":{"x":"http://www.wikidata.org/entity/Q141109903","rhm_link":"https://registersofia.bg/?option=com_monuments&view=monument&formdata[id]=1195","xLabel":"Удроу Уилсън, бюст-паметник","rhmId":"1195"}},{"type":"Feature","geometry":{"type":"Point","coordinates":[23.314906,42.693939]},"properties":{"x":"http://www.wikidata.org/entity/Q141109911","rhm_link":"https://registersofia.bg/?option=com_monuments&view=monument&formdata[id]=1210","xLabel":"Юрий Яковлев, паметна плоча","rhmId":"1210"}},{"type":"Feature","geometry":{"type":"Point","coordinates":[23.3223129,42.6942855]},"properties":{"x":"http://www.wikidata.org/entity/Q141109912","rhm_link":"https://registersofia.bg/?option=com_monuments&view=monument&formdata[id]=1212","xLabel":"„110 години организирано журналистическо движение в България“, монументална стенопис – интериор, Съюз на българските журналисти","rhmId":"1212"}},{"type":"Feature","geometry":{"type":"Point","coordinates":[23.2888555,42.7111809]},"properties":{"x":"http://www.wikidata.org/entity/Q141109922","rhm_link":"https://registersofia.bg/?option=com_monuments&view=monument&formdata[id]=1226","xLabel":"Монументална мозайка, ПГТЕ „Хенри Форд”","rhmId":"1226"}},{"type":"Feature","geometry":{"type":"Point","coordinates":[23.333157,42.695167]},"properties":{"x":"http://www.wikidata.org/entity/Q141109927","rhm_link":"https://registersofia.bg/?option=com_monuments&view=monument&formdata[id]=1231","xLabel":"Захари Стоянов, паметник, скулптурен","rhmId":"1231"}},{"type":"Feature","geometry":{"type":"Point","coordinates":[23.239823,42.658489]},"properties":{"x":"http://www.wikidata.org/entity/Q141110077","rhm_link":"https://registersofia.bg/?option=com_monuments&view=monument&formdata[id]=750","xLabel":"Димитър Съселов, паметна плоча","rhmId":"750"}},{"type":"Feature","geometry":{"type":"Point","coordinates":[23.233016,42.600093]},"properties":{"x":"http://www.wikidata.org/entity/Q141110099","rhm_link":"https://registersofia.bg/?option=com_monuments&view=monument&formdata[id]=778","xLabel":"Георги С. Раковски, бюст, Природен парк „Витоша”","rhmId":"778"}},{"type":"Feature","geometry":{"type":"Point","coordinates":[23.3466253,42.6877119]},"properties":{"x":"http://www.wikidata.org/entity/Q141110107","rhm_link":"https://registersofia.bg/?option=com_monuments&view=monument&formdata[id]=814","xLabel":"Цар Иван Асен II, паметна плоча с барелеф, 12 СУ „цар Иван Асен II”","rhmId":"814"}},{"type":"Feature","geometry":{"type":"Point","coordinates":[23.321327,42.6966245]},"properties":{"x":"http://www.wikidata.org/entity/Q141110115","rhm_link":"https://registersofia.bg/?option=com_monuments&view=monument&formdata[id]=836","xLabel":"„Атентата в църквата Св. Неделя”, паметна плоча, храм „Св. Неделя”","rhmId":"836"}},{"type":"Feature","geometry":{"type":"Point","coordinates":[23.318302,42.693706]},"properties":{"x":"http://www.wikidata.org/entity/Q141110124","rhm_link":"https://registersofia.bg/?option=com_monuments&view=monument&formdata[id]=845","xLabel":"Петър Увалиев, паметна плоча с барелеф","rhmId":"845"}},{"type":"Feature","geometry":{"type":"Point","coordinates":[23.3494571,42.6841473]},"properties":{"x":"http://www.wikidata.org/entity/Q141110128","rhm_link":"https://registersofia.bg/?option=com_monuments&view=monument&formdata[id]=865","xLabel":"На загиналите български танкисти във Втората световна война, заключителна фаза. Военен паметник. Архитектурно-скулптурен ансамбъл","rhmId":"865"}},{"type":"Feature","geometry":{"type":"Point","coordinates":[23.3267774,42.6993817]},"properties":{"x":"http://www.wikidata.org/entity/Q141110133","rhm_link":"https://registersofia.bg/?option=com_monuments&view=monument&formdata[id]=881","xLabel":"Петър Манолев, полковник, паметна плоча. Военен паметник","rhmId":"881"}},{"type":"Feature","geometry":{"type":"Point","coordinates":[23.3287379,42.6905477]},"properties":{"x":"http://www.wikidata.org/entity/Q141110141","rhm_link":"https://registersofia.bg/?option=com_monuments&view=monument&formdata[id]=916","xLabel":"„7-мо СОУ „Св. Седмочисленици”, 1879 г.”, паметна плоча","rhmId":"916"}},{"type":"Feature","geometry":{"type":"Point","coordinates":[23.33464,42.688294]},"properties":{"x":"http://www.wikidata.org/entity/Q141110144","rhm_link":"https://registersofia.bg/?option=com_monuments&view=monument&formdata[id]=919","xLabel":"Брунхилда Полак, петобой, 1973 г., Национален стадион „Васил Левски”, паметна плоча","rhmId":"919"}},{"type":"Feature","geometry":{"type":"Point","coordinates":[23.3147822,42.6937479]},"properties":{"x":"http://www.wikidata.org/entity/Q141110156","rhm_link":"https://registersofia.bg/?option=com_monuments&view=monument&formdata[id]=1166","xLabel":"Георги Гешев, паметна плоча – интериор, Шахдом „Георги Гешев”","rhmId":"1166"}},{"type":"Feature","geometry":{"type":"Point","coordinates":[23.2929783,42.5818562]},"properties":{"x":"http://www.wikidata.org/entity/Q141110167","rhm_link":"https://registersofia.bg/?option=com_monuments&view=monument&formdata[id]=1181","xLabel":"Чешма „Романски”, Природен парк „Витоша”","rhmId":"1181"}},{"type":"Feature","geometry":{"type":"Point","coordinates":[23.3290497,42.6966651]},"properties":{"x":"http://www.wikidata.org/entity/Q141110169","rhm_link":"https://registersofia.bg/?option=com_monuments&view=monument&formdata[id]=1186","xLabel":"Георги Фингов, Димо Ничев, Никола Юруков, Марин Василев, паметна плоча, строителен надпис","rhmId":"1186"}},{"type":"Feature","geometry":{"type":"Point","coordinates":[23.422038,42.801709]},"properties":{"x":"http://www.wikidata.org/entity/Q141110172","rhm_link":"https://registersofia.bg/?option=com_monuments&view=monument&formdata[id]=1200","xLabel":"На загиналите във Втората световна война, заключителна фаза (и в съпротивителното движение) от с. Войнеговци. Военен паметник","rhmId":"1200"}},{"type":"Feature","geometry":{"type":"Point","coordinates":[23.3264394,42.6886641]},"properties":{"x":"http://www.wikidata.org/entity/Q141110174","rhm_link":"https://registersofia.bg/?option=com_monuments&view=monument&formdata[id]=1204","xLabel":"Константин Константинов и Донка Константинова, паметна плоча","rhmId":"1204"}},{"type":"Feature","geometry":{"type":"Point","coordinates":[23.3641203,42.6629777]},"properties":{"x":"http://www.wikidata.org/entity/Q141110175","rhm_link":"https://registersofia.bg/?option=com_monuments&view=monument&formdata[id]=1206","xLabel":"Васил Левски, паметна плоча, 8 СУ „Васил Левски“","rhmId":"1206"}},{"type":"Feature","geometry":{"type":"Point","coordinates":[23.3173122,42.6649368]},"properties":{"x":"http://www.wikidata.org/entity/Q141110177","rhm_link":"https://registersofia.bg/?option=com_monuments&view=monument&formdata[id]=1215","xLabel":"Желязко Христов, проф., д-р., свободностоящ паметен знак","rhmId":"1215"}},{"type":"Feature","geometry":{"type":"Point","coordinates":[23.3419294,42.694803]},"properties":{"x":"http://www.wikidata.org/entity/Q141110343","rhm_link":"https://registersofia.bg/?option=com_monuments&view=monument&formdata[id]=473","xLabel":"Йордан Сливополски (Пилигрим), паметна плоча","rhmId":"473"}},{"type":"Feature","geometry":{"type":"Point","coordinates":[23.343177,42.695379]},"properties":{"x":"http://www.wikidata.org/entity/Q141110345","rhm_link":"https://registersofia.bg/?option=com_monuments&view=monument&formdata[id]=476","xLabel":"Лилия Гюлева, проф., паметна плоча","rhmId":"476"}},{"type":"Feature","geometry":{"type":"Point","coordinates":[23.3386059,42.6874787]},"properties":{"x":"http://www.wikidata.org/entity/Q141110383","rhm_link":"https://registersofia.bg/?option=com_monuments&view=monument&formdata[id]=598","xLabel":"Георги Караславов, бюст-паметник, Борисова градина","rhmId":"598"}},{"type":"Feature","geometry":{"type":"Point","coordinates":[23.403548,42.802952]},"properties":{"x":"http://www.wikidata.org/entity/Q141110402","rhm_link":"https://registersofia.bg/?option=com_monuments&view=monument&formdata[id]=1048","xLabel":"Чешма, село Подгумер","rhmId":"1048"}},{"type":"Feature","geometry":{"type":"Point","coordinates":[23.3240415,42.6978008]},"properties":{"x":"http://www.wikidata.org/entity/Q141110416","rhm_link":"https://registersofia.bg/?option=com_monuments&view=monument&formdata[id]=1082","xLabel":"Каменен релеф – мъж, строител и жена, жътварка, Министерски съвет","rhmId":"1082"}},{"type":"Feature","geometry":{"type":"Point","coordinates":[23.351437,42.705535]},"properties":{"x":"http://www.wikidata.org/entity/Q141110433","rhm_link":"https://registersofia.bg/?option=com_monuments&view=monument&formdata[id]=1118","xLabel":"Монументална стенопис, Етам крю и Градски създания","rhmId":"1118"}},{"type":"Feature","geometry":{"type":"Point","coordinates":[23.3346632,42.6817572]},"properties":{"x":"http://www.wikidata.org/entity/Q141110438","rhm_link":"https://registersofia.bg/?option=com_monuments&view=monument&formdata[id]=1123","xLabel":"Валери Петров, паметна плоча","rhmId":"1123"}},{"type":"Feature","geometry":{"type":"Point","coordinates":[23.360814,42.674489]},"properties":{"x":"http://www.wikidata.org/entity/Q141110440","rhm_link":"https://registersofia.bg/?option=com_monuments&view=monument&formdata[id]=1125","xLabel":"Скулптурна фигура – жена с лира","rhmId":"1125"}},{"type":"Feature","geometry":{"type":"Point","coordinates":[23.3340776,42.6811424]},"properties":{"x":"http://www.wikidata.org/entity/Q141110461","rhm_link":"https://registersofia.bg/?option=com_monuments&view=monument&formdata[id]=1148","xLabel":"Пецо Златев, паметна плоча","rhmId":"1148"}},{"type":"Feature","geometry":{"type":"Point","coordinates":[23.3316417,42.6989322]},"properties":{"x":"http://www.wikidata.org/entity/Q141110466","rhm_link":"https://registersofia.bg/?option=com_monuments&view=monument&formdata[id]=1155","xLabel":"Пенчо Славейков, релеф, Първо СОУ „Пенчо Славейков”","rhmId":"1155"}},{"type":"Feature","geometry":{"type":"Point","coordinates":[23.269621,42.850009]},"properties":{"x":"http://www.wikidata.org/entity/Q141110492","rhm_link":"https://registersofia.bg/?option=com_monuments&view=monument&formdata[id]=677","xLabel":"На загиналите във войните за национално обединение от с. Балша. Военен паметник","rhmId":"677"}},{"type":"Feature","geometry":{"type":"Point","coordinates":[23.3264591,42.691247]},"properties":{"x":"http://www.wikidata.org/entity/Q141110506","rhm_link":"https://registersofia.bg/?option=com_monuments&view=monument&formdata[id]=728","xLabel":"„Малкият принц”, монументална стенопис, 6 ОУ „Граф Игнатиев”","rhmId":"728"}},{"type":"Feature","geometry":{"type":"Point","coordinates":[23.3029113,42.6819809]},"properties":{"x":"http://www.wikidata.org/entity/Q141110528","rhm_link":"https://registersofia.bg/?option=com_monuments&view=monument&formdata[id]=741","xLabel":"Скулптурна фигура - голо момиче","rhmId":"741"}},{"type":"Feature","geometry":{"type":"Point","coordinates":[23.368709,42.678094]},"properties":{"x":"http://www.wikidata.org/entity/Q141110538","rhm_link":"https://registersofia.bg/?option=com_monuments&view=monument&formdata[id]=764","xLabel":"Ангел Балевски, акад., БАН - Институт по металознание, паметник","rhmId":"764"}},{"type":"Feature","geometry":{"type":"Point","coordinates":[23.33464,42.688294]},"properties":{"x":"http://www.wikidata.org/entity/Q141110546","rhm_link":"https://registersofia.bg/?option=com_monuments&view=monument&formdata[id]=920","xLabel":"Руси Петров, свободна борба, 1970 г., Национален стадион „Васил Левски”, паметна плоча","rhmId":"920"}},{"type":"Feature","geometry":{"type":"Point","coordinates":[23.3344539,42.6881716]},"properties":{"x":"http://www.wikidata.org/entity/Q141110549","rhm_link":"https://registersofia.bg/?option=com_monuments&view=monument&formdata[id]=925","xLabel":"„Олимпийски огън”, „Летни олимпийски игри в Москва”, 1980 г., Национален стадион „Васил Левски”, паметна плоча","rhmId":"925"}},{"type":"Feature","geometry":{"type":"Point","coordinates":[23.334358,42.688111]},"properties":{"x":"http://www.wikidata.org/entity/Q141110550","rhm_link":"https://registersofia.bg/?option=com_monuments&view=monument&formdata[id]=927","xLabel":"Светла Златева, Тонка Петрова, Лиляна Томова, Стефка Йорданова, лека атлетика – щафета, 1973 г., Национален стадион „Васил Левски”, паметна плоча","rhmId":"927"}},{"type":"Feature","geometry":{"type":"Point","coordinates":[23.3345457,42.6882324]},"properties":{"x":"http://www.wikidata.org/entity/Q141110553","rhm_link":"https://registersofia.bg/?option=com_monuments&view=monument&formdata[id]=930","xLabel":"Стефка Костадинова, скок височина, 1986 г., Национален стадион „Васил Левски”, паметна плоча","rhmId":"930"}},{"type":"Feature","geometry":{"type":"Point","coordinates":[23.3344539,42.6881716]},"properties":{"x":"http://www.wikidata.org/entity/Q141110554","rhm_link":"https://registersofia.bg/?option=com_monuments&view=monument&formdata[id]=931","xLabel":"Валери Брумел, скок на височина, 1961 г., Национален стадион „Васил Левски”, паметна плоча","rhmId":"931"}},{"type":"Feature","geometry":{"type":"Point","coordinates":[23.3340208,42.6882035]},"properties":{"x":"http://www.wikidata.org/entity/Q141110555","rhm_link":"https://registersofia.bg/?option=com_monuments&view=monument&formdata[id]=933","xLabel":"Скулптурна фигура „Физкултурник“, Мост на спорта","rhmId":"933"}},{"type":"Feature","geometry":{"type":"Point","coordinates":[23.334439,42.688741]},"properties":{"x":"http://www.wikidata.org/entity/Q141110558","rhm_link":"https://registersofia.bg/?option=com_monuments&view=monument&formdata[id]=936","xLabel":"Скулптурна фигура „Баскетболистка“, Мост на спорта","rhmId":"936"}},{"type":"Feature","geometry":{"type":"Point","coordinates":[23.3346088,42.6886101]},"properties":{"x":"http://www.wikidata.org/entity/Q141110559","rhm_link":"https://registersofia.bg/?option=com_monuments&view=monument&formdata[id]=937","xLabel":"Скулптурна фигура „Футболист“, Мост на спорта","rhmId":"937"}},{"type":"Feature","geometry":{"type":"Point","coordinates":[23.3346074,42.6883134]},"properties":{"x":"http://www.wikidata.org/entity/Q141110560","rhm_link":"https://registersofia.bg/?option=com_monuments&view=monument&formdata[id]=938","xLabel":"Скулптура, абстрактна, Национален стадион „Васил Левски“","rhmId":"938"}},{"type":"Feature","geometry":{"type":"Point","coordinates":[23.3277975,42.6857727]},"properties":{"x":"http://www.wikidata.org/entity/Q141110564","rhm_link":"https://registersofia.bg/?option=com_monuments&view=monument&formdata[id]=946","xLabel":"Кимон Георгиев, паметна плоча с барелеф","rhmId":"946"}},{"type":"Feature","geometry":{"type":"Point","coordinates":[23.3282288,42.6814617]},"properties":{"x":"http://www.wikidata.org/entity/Q141110566","rhm_link":"https://registersofia.bg/?option=com_monuments&view=monument&formdata[id]=950","xLabel":"Милко Бечев, паметна плоча","rhmId":"950"}},{"type":"Feature","geometry":{"type":"Point","coordinates":[23.4651468,42.6802898]},"properties":{"x":"http://www.wikidata.org/entity/Q141114878","rhm_link":"https://registersofia.bg/?option=com_monuments&view=monument&formdata[id]=1038","xLabel":"Чешма, село Кривина","rhmId":"1038"}},{"type":"Feature","geometry":{"type":"Point","coordinates":[23.403207,42.802793]},"properties":{"x":"http://www.wikidata.org/entity/Q141114880","rhm_link":"https://registersofia.bg/?option=com_monuments&view=monument&formdata[id]=1040","xLabel":"Скулптурна група, архитектурно-скулптурен ансамбъл, село Подгумер","rhmId":"1040"}},{"type":"Feature","geometry":{"type":"Point","coordinates":[23.403197,42.802698]},"properties":{"x":"http://www.wikidata.org/entity/Q141114881","rhm_link":"https://registersofia.bg/?option=com_monuments&view=monument&formdata[id]=1041","xLabel":"Скулптурна фигура, архитектурно-скулптурен ансамбъл, село Подгумер","rhmId":"1041"}}]}